name,latitude,longitude,color,family,subgroup,country
!Xoon [nmn],-24,21.5,#65907A,Tuu,!Kwi,Botswana
/Xam [xam],-30.34,21.82,#638270,Tuu,!Kwi,South Africa
||Ani [hnh],-19.3,22.5,#978187,Khoe,Khoe,Botswana
||Gana [gnk],-19,22.5,#94797B,Khoe,Khoe,Botswana
Aari [aiw],6,36.6,#C78A83,Afro-Asiatic,Omotic,Ethiopia
Abau [aau],-4,141.167,#748DC5,Sepik,Abau,Papua New Guinea
Abipon [axb],-26,-61,#5E4952,Guaicuruan,Southern,Argentina
Abkhaz [abk],43,41.03,#9F5271,North-west Caucasus,Abaza-Abkhaz,Georgia
Abma [app],-15.75,168.083,#5A6F7E,Oceanic,Southern Oceanic,Vanuatu
Abui [abz],-8.417,124.6,#4D5BBD,Timor-Alor-Pantar,Alor-Pantar,Indonesia
Abun [kgr],-0.833,132,#32B7A7,West Papuan,Birds Head,Indonesia
Acehnese [ace],5.333,96.167,#1AA266,Malayo-Polynesian,Malayo-Sumbawan,Indonesia
Achumawi [acv],41.5,-121,#974E7D,Palaihnihan,,USA
Adyghe [ady],44.1,39.08,#D0578C,North-west Caucasus,Circassian,Russia
Adynyamathanha [adt],-31,139.5,#B47782,Pama-Nyungan,Yura,Australia
Adzera [azr],-6.417,146.25,#427EA2,Oceanic,Western Oceanic,Papua New Guinea
Agarabi [agd],-6.25,145.917,#DB44B1,Trans New Guinea,Kainantu,Papua New Guinea
Aghem [agq],6.39,10.12,#3D8A61,Niger-Kongo,Bantoid,Cameroon
Agta [agt],17.967,121.833,#3D8E4B,Malayo-Polynesian,Philippines,Philippines
Aguaruna [agr],-5.25,-78,#B54990,Jivaroan,,Peru
Agutaynen [agn],11.15,120.95,#51655F,Malayo-Polynesian,Philippines,Philippines
Ai-cham_Diwo [aih],25.8,107,#17ED9A,Tai-Kadai,South,China
Ainu [ain],43.5,142,#6C5990,Ainu,,Japan
Aka [hru],27.2,92.9,#B58E99,Tibeto-Burman,Hrusish,India
Akan [aka],6.5,-1.25,#4D67AB,Niger-Kongo,Kwa,Ghana
Akha [ahk],20.3,99.6,#69BDB2,Tibeto-Burman,Lolo-Burmese,Thailand
Alabama [akz],32.7,-86.1,#A527AA,Muskogean,Eastern,USA
Alamblak [amp],-4.667,143.25,#945D7A,Sepik,Sepik Hill,Papua New Guinea
Albanian Tosk [als],40.5,20,#8D8A26,Indo-European,Albanian,Albania
Aleut [ale],54,-166,#D25580,Eskimo-Aleut,Aleut,USA
Alune [alp],-3.167,128.333,#3649A7,Malayo-Polynesian,Central Maluku,Indonesia
Alyawarr [aly],-24.6,134.5,#A78B95,Pama-Nyungan,Arandic,Australia
Ama [amm],-4.168,141.671,#AA38AC,Left May,,Papua New Guinea
Amam [wer-2],-7.92,147.2,#A657B9,Trans New Guinea,Goilala,Papua New Guinea
Amanab [amn],-3.5,141.167,#A17EAB,Trans New Guinea,Border,Papua New Guinea
Amarasi [aaz],-10.08,124.33,#31677D,Malayo-Polynesian,Timoric,Indonesia
Ambae_West [omb],-15.5,167.75,#445D81,Oceanic,Southern Oceanic,Vanuatu
Ambai [amk],-1.917,136.733,#34689A,Malayo-Polynesian,Eastern Malayo-Polynesian,Indonesia
Ambonese Malay [abs],-3.7,128.2,#2DBA7B,Malayo-Polynesian,Malayo-Sumbawan,Indonesia
Ambulas [abt],-3.75,143.083,#BE8A93,Sepik,Ndu,Papua New Guinea
Amdo [adx],36,94,#B3BEC3,Tibeto-Burman,Bodic,China
Amele [aey],-5.25,145.75,#6A649C,Trans New Guinea,Madang,Papua New Guinea
Amharic [amh],10,38,#B6643E,Afro-Asiatic,Semitic,Ethiopia
Amis [ami],23.333,121.333,#537E47,Austronesian,East Formosan,Taiwan
Amoy [nan],24.5,118,#51DD86,Tibeto-Burman,Sinitic,China
Anejom [aty],-20.25,169.833,#35617F,Oceanic,Southern Oceanic,Vanuatu
Anem [anz],-5.667,149,#417598,Anem,,Papua New Guinea
Angaatiha [agm],-7.22,146.25,#BC3CB2,Trans New Guinea,Angan,Papua New Guinea
Angas [anc],9.75,8.75,#30958A,Afro-Asiatic,Chadic,Nigeria
Anguthimri [xxx-3],-12.333,141.833,#B59B88,Pama-Nyungan,North Cape York,Australia
Anindilyagwa [aoi],-14,136.5,#8C4465,Anindilyagwa,,Australia
Anong [nun],27.2,98.8,#8BC099,Tibeto-Burman,Nungish,China
Ao [njo],27,95,#A1B2C2,Tibeto-Burman,Kuki-Chin-Naga,India
Apalai [apy],0,-54,#81259D,Cariban,Apalai,Brazil
Apatani [apt],27.4,93.8,#B2B68E,Tibeto-Burman,Tani,India
Apurinã [apu],-9,-67,#6D5168,Arawak,South-Southwest,Brazil
Arabana [ard],-28,137,#C59D78,Pama-Nyungan,Karnic,Australia
Arabic [arb],30,42,#7B4C15,Afro-Asiatic,Semitic,Saudi Arabia
Arabic_Abha [acw-4],18.22,42.51,#674516,Afro-Asiatic,Semitic,Saudi Arabia
Arabic_Afghanistan [acm-3],36.7,67.12,#9D6735,Afro-Asiatic,Semitic,Afghanistan
Arabic_Basra [acm],30.5,47.825,#866D41,Afro-Asiatic,Semitic,Iraq
Arabic_Bukhara [abh],39.77,64.43,#B07634,Afro-Asiatic,Semitic,Uzbekistan
Arabic_Egyptian [arz],30,30,#524E2D,Afro-Asiatic,Semitic,Egypt
Arabic_Gulf [afb],24,54,#606427,Afro-Asiatic,Semitic,United Arab Emirates
Arabic_Harb [acw-5],25.81,42.87,#6E600B,Afro-Asiatic,Semitic,Saudi Arabia
Arabic_Khuzestan [acm-2],31.33,48.69,#6A550D,Afro-Asiatic,Semitic,Iran
Arabic_Moroccan [ary],34,-7,#5F4F1E,Afro-Asiatic,Semitic,Morocco
Arabic_Sudanese [apd],15.5,32.56,#645036,Afro-Asiatic,Semitic,Sudan
Arabic_Syrian [apc],33,37,#6A5714,Afro-Asiatic,Semitic,Syria
Arabic_Tunisian [aeb],36,10,#855425,Afro-Asiatic,Semitic,Tunisia
Arammba [stk],-8.25,141.5,#9A887C,South New Guinea,,Papua New Guinea
Arandai [jbj],-2.17,133,#A648A1,Trans New Guinea,South Birds Head,Indonesia
Araona  [aro],-12.333,-67.75,#A94C97,Tacanan,Araona-Tacana,Bolivia
Archi [aqc],42.07,46.86,#D66A81,Nakh-Daghestanian,Lezgic,Russia
Arguni [agf],-2.667,132.5,#3F8BB8,Malayo-Polynesian,Eastern Malayo-Polynesian,Indonesia
Arizona Tewa [tew],35.8,-110.4,#904FB6,Kiowa-Tanoan,Tewa-Tiwa,USA
Armenian [hye],40,45,#BD8C3A,Indo-European,Armenian,Armenia
Arop-Lokep [apr],-5.333,147.083,#416E99,Oceanic,Western Oceanic,Papua New Guinea
Arrernte_Central [are],-22.85,133.7,#B287A1,Pama-Nyungan,Arandic,Australia
Arrernte_Mparntwe [aer],-24,136,#A48D91,Pama-Nyungan,Arandic,Australia
Asheninka_Apurucayali [cpc],-10.018,-74.793,#874677,Arawak,South-Southwest,Peru
Asmat [asc],-5.167,138.5,#8D4CA9,Trans New Guinea,Asmat-Kamoro,Indonesia
Assamese [asm],26.5,93,#D0AE5C,Indo-European,Indo-Iranian,India
Ata [ata],-5.667,151,#413785,Ata,,Papua New Guinea
Atayal [tay],24.5,121,#3F8365,Austronesian,Atayalic,Taiwan
Athpare [aph],26.75,87.33,#C1608B,Tibeto-Burman,Kiranti,Nepal
Atong [aot],25.5,90.5,#ADA795,Tibeto-Burman,Bodo-Garo,India
Atsugewi [atw],40.75,-121,#9C5269,Palaihnihan,,USA
Awa [awb],-6.75,145.667,#CC5992,Trans New Guinea,Kainantu,Papua New Guinea
Awa Pit [kwi],0.75,-78.5,#C77967,Barbacoan,Northern,Ecuador
Awar [aya],-4,144.625,#9EA7BA,Lower Sepik-Ramu,Ramu,Papua New Guinea
Awtuw [kmn],-3.5,141.917,#AF9DA1,Sepik,Ram,Papua New Guinea
Aymara [ayr],-16,-69.5,#AA6967,Aymaran,,Peru
Azerbaijani [azj],40.5,48.5,#D69F71,Turkic,South-west,Azerbaijan
Azeri [azb],40.67,47.75,#D69B5F,Turkic,South-west,Azerbaijan
Baagandji [drl],-32,142.533,#C26C58,Pama-Nyungan,Baagandji,Australia
Babungo [bav],6.12,10.42,#429D71,Niger-Kongo,Bantoid,Cameroon
Badimaya [bia],-27.667,119,#BF9B7D,Pama-Nyungan,Kardu,Australia
Bafut [bfd],6.083,10.1,#547A5E,Niger-Kongo,Bantoid,Cameroon
Bagirmi [bmi],10.2,17,#41868B,Nilo-Saharan,Central_Sudanic,Chad
Bagri [bgq],29.6,74.3,#DAAB37,Indo-European,Indo-Iranian,India
Bahing [bhj],27.27,86.56,#C9729E,Tibeto-Burman,Kiranti,Nepal
Bahnar [bdq],14,108.5,#18D382,Austroasiatic,Bahnaric,Vietnam
Bai [bca],26,100,#6DBF94,Tibeto-Burman,Bai,China
Bajau_Semporna [ssb],4.5,118.5,#1F866E,Malayo-Polynesian,Barito,Indonesia
Balangao [blw],17.167,120.333,#37805A,Malayo-Polynesian,Philippines,Philippines
Balanta [ble],12,-15,#3F4A80,Niger-Kongo,Atlantic,Guinea Bissau
Balantak [blz],-0.82,123.431,#327973,Malayo-Polynesian,Celebic,Indonesia
Balinese [ban],-8.583,115.25,#1DB073,Malayo-Polynesian,Malayo-Sumbawan,Indonesia
Balochi [bgp-2],27,63.5,#BFA75C,Indo-European,Indo-Iranian,Pakistan
Balti [bft],35.2,76,#D2B6A3,Tibeto-Burman,Bodic,Pakistan
Bambara [bam],12.5,-7.5,#798983,Mande,Western,Mali
Banda [bnd],-5.25,133.17,#337DAB,Malayo-Polynesian,Central Maluku,Indonesia
Bandjalang [bdy],-28.75,153,#BB976C,Pama-Nyungan,Central-East,Australia
Bandjalang-Gidabal [bdy-3],-28.25,152,#AD8F6D,Pama-Nyungan,Central-East,Australia
Banggai [bgz],-1.42,123.17,#406A6A,Malayo-Polynesian,Celebic,Indonesia
Banggime [dbb],14.78,-3.76,#6A9FA9,Banggime,,Mali
Banjar [bjn],-2.5,115.5,#21A960,Malayo-Polynesian,Malayo-Sumbawan,Indonesia
Bankariya [cdm-2],27.5,85,#CC9699,Tibeto-Burman,Chepang,Nepal
Bantawa [bap],27.2,87.1,#D363A4,Tibeto-Burman,Kiranti,Nepal
Baoan [peh],35.05,102.1,#BCB38C,Mongolic,Eastern,China
Barai [bbb],-9.417,148,#8E5891,Trans New Guinea,Koiari,Papua New Guinea
Baram [brd],27.95,85,#C2BC9F,Tibeto-Burman,Western Himalayan,Nepal
Barang-barang [lji],-6.4,120.5,#266E6D,Malayo-Polynesian,Greater South Sulawesi,Indonesia
Barasano [bsn],-0.25,-70.75,#B05D82,Tucanoan,East,Colombia
Bardi [bcj],-16.58,122.92,#966281,Nyulnyul,West,Australia
Bargam [mlp-2],-4.87,145.76,#7E4AC2,Trans New Guinea,Madang,Papua New Guinea
Bari [bfa],3.8,31,#3A8C7C,Nilo-Saharan,East_Sudanic,South Sudan
Barupu [wra],-3.083,142.083,#56529F,Skou,East,Papua New Guinea
Bashkir [bak],53,58,#D39F6F,Turkic,North-west,Russia
Basque [eus],43.2,-3,#B47861,Basque,,Spain
Batuley [bay],-5.8,134.75,#276288,Malayo-Polynesian,Southeast Maluku,Indonesia
Bauzi [bvz],-2.5,137.667,#9596A6,Geelvink Bay,,Indonesia
Bawm [bgr],22.5,92.25,#88A5AF,Tibeto-Burman,Kuki-Chin-Naga,India
Begak [dbj-2],5.25,118.833,#3B8778,Malayo-Polynesian,North Borneo,Malaysia
Beja [bej],18,36,#BC6A60,Afro-Asiatic,Cushitic,Sudan
Belarussian [bel],54,27,#B09213,Indo-European,Balto-Slavic,Belarus
Belhare [byw],27,87.25,#D158AF,Tibeto-Burman,Kiranti,Nepal
Bemba [bem],-11,31,#515F68,Niger-Kongo,Bantoid,Zambia
Bembe [bmb],-4,14,#4A5E74,Niger-Kongo,Bantoid,Democratic Republic of the Congo
Bende [bdp],-6,30.5,#405B6F,Niger-Kongo,Bantoid,Tanzania
Bengali [ben],22.5,90,#D0AE4E,Indo-European,Indo-Iranian,Bangladesh
Berik [bkl],-2.25,138.92,#A27294,Trans New Guinea,Tor,Indonesia
Betta_Kurumba [xub],11.58,76.55,#EA7A86,Dravidian,South,India
Bhojpuri [bho],26.8,85.3,#D6A841,Indo-European,Indo-Iranian,India
Biak [bhw],-1,136,#386D9B,Malayo-Polynesian,Eastern Malayo-Polynesian,Indonesia
Bih [rad-2],12.48,108.025,#1BD989,Malayo-Polynesian,Malayo-Sumbawan,Vietnam
Bijago [bjg],11.28,-15.83,#575374,Niger-Kongo,Atlantic,Guinea Bissau
Bikol [bcl],13.333,123.5,#377D75,Malayo-Polynesian,Philippines,Philippines
Biloxi [bll],32.25,-90,#9538D1,Siouan,Western,USA
Bilua [blb],-7.75,156.667,#664F64,Solomons East Papuan,,Solomons
Binandere [bhg],-8.167,147.917,#A483A8,Trans New Guinea,Binanderean,Papua New Guinea
Bininj Gun-Wok [gup],-12.5,133.75,#6F4368,Gunwinyku,Marne,Australia
Biri [bzr],-20.5,146.5,#B49172,Pama-Nyungan,GreaterMari,Australia
Blackfoot [bla],50,-112.67,#761D84,Algic,Algonquian,Canada
Blang [blr],23.3,100,#1CC29B,Austroasiatic,Palaungic,China
Boazi [kvg],-7,141.25,#864CAC,Marind,,Papua New Guinea
Bobongko [bgb],-0.5,121.75,#28807F,Malayo-Polynesian,Celebic,Indonesia
Bohutu [bxh],-10.5,150.33,#4257AF,Oceanic,,Papua New Guinea
Bokar [adi-2],29,94.35,#9EBCA8,Tibeto-Burman,Tani,India
Bontok [bnc],17.083,120.917,#3E8051,Malayo-Polynesian,Philippines,Philippines
Borong_Kosorong [ksr],-6.534,147.502,#A956B8,Trans New Guinea,Finisterre-Huon,Papua New Guinea
Bouyei_west [pcc-2],25.75,107.333,#12CFA2,Tai-Kadai,North,China
Brag-g.yab [khg-2],30.65,97.55,#D3C497,Tibeto-Burman,Bodic,China
Brahui [brh],29,67,#BD865A,Dravidian,North,Pakistan
Brajbhasha [bra],27.49,77.67,#DBBD49,Indo-European,Indo-Iranian,India
Brao [brb],14,107,#1EDD8E,Austroasiatic,Bahnaric,Vietnam
Breton [bre],48,-3.5,#756912,Indo-European,Celtic,France
Bribri [bzd],9.5,-83,#72889D,Chibchan,West,Costa Rica
Brokpa [sgt],27.33,92,#C1A6B5,Tibeto-Burman,Bodic,Bhutan
Bruu [bru],17.167,104.333,#00DBAC,Austroasiatic,Katuic,Thailand
Bugan [bbh],23.75,105,#27C094,Austroasiatic,Mangic,China
Bugis [bug],-4,120,#2C835C,Malayo-Polynesian,Greater South Sulawesi,Indonesia
Bugun [bgn],27.3,92.35,#B1AF9D,Kho-Bwa,Bugun,India
Buin [buo],-6.75,155.833,#AA418A,East Bougainville,,Papua New Guinea
Bukiyip_Arapesh [ape],-3.667,142.5,#516D7D,Torricelli,Kombio-Arapesh,Papua New Guinea
Bularnu [yil],-21.5,137.5,#B5A774,Pama-Nyungan,Ngarna,Australia
Bulgarian [bul],43,25,#918E17,Indo-European,Balto-Slavic,Bulgaria
Bumbita_Arapesh [aon],-3.667,142.833,#4A608C,Torricelli,Kombio-Arapesh,Papua New Guinea
Bumthang [kjz],27.8,90.8,#C3CFB5,Tibeto-Burman,Bodic,Bhutan
Bumthang_Ura [kjz-2],27.48,90.905,#C2BEC3,Tibeto-Burman,Bodic,Bhutan
Bunan [bfu],32.61,76.91,#CA9C86,Tibeto-Burman,Western Himalayan,India
Bunaq [bfn],-9.1,125.15,#476EBD,Timor-Alor-Pantar,Mainland,Indonesia
Bunun [bnn],23.5,121,#307071,Austronesian,Bunun,Taiwan
Burarra [bvr],-12.25,134.667,#884F8A,Maningrida,,Australia
Burmese [mya],20,96,#95BDB6,Tibeto-Burman,Lolo-Burmese,Myanmar
Burmese_Myeik [mya-2],12.43,98.6,#94CD97,Tibeto-Burman,Lolo-Burmese,Myanmar
Burmeso [bzu],-2.447,138.209,#9556A7,Burmeso,,Indonesia
Buru [mhs],-3.5,126.5,#30AAA5,Malayo-Polynesian,Central Maluku,Indonesia
Burushaski [bsk],36.5,74.5,#E16D58,Burushaski,,Pakistan
Buryat [bxm],52,108,#D88565,Mongolic,Eastern,Russia
Buyang [yha],24,104.8,#1CD79A,Tai-Kadai,North,China
Buyuan Jino [jiy],22.05,101,#80CDB9,Tibeto-Burman,Lolo-Burmese,China
Byansi [bee],30.17,80.5,#C7B381,Tibeto-Burman,Western Himalayan,India
Caddo [cad],33.33,-93.5,#9825A5,Caddoan,Caddo,USA
Cahuilla [chl],33.75,-117.75,#AD4571,Uto-Aztecan,North,USA
Cakchiquel [ckf],14.5,-91,#655345,Mayan,Quiche-Mam,Guatemala
Camling [rab],27.3,86.8,#C962AA,Tibeto-Burman,Kiranti,Nepal
Campa [cni],-12,-74,#7E566D,Arawak,South-Southwest,Peru
Canela-Krahô [ram],-6.5,-45,#637EA2,Macro-Je,Je,Brazil
Cantonese [yue],22.333,114,#58D090,Tibeto-Burman,Sinitic,China
Capanahua [kaq],-7,-74,#C1638C,Panoan,Main,Peru
Car [caq],9.167,92.75,#57AA4F,Austroasiatic,Nicobar,India
Carib [car],7.85,-59,#8F4A81,Cariban,Guianan,Guyana
Catalan [cat],41.4,2.3,#88991E,Indo-European,Romance,Spain
Cayuvava [cyb],-12.5,-67,#464C5F,Cayuvava,,Bolivia
Cebuano [ceb],10,124,#4A8054,Malayo-Polynesian,Philippines,Philippines
Chadong [cdy],25.2,110.2,#3BDEA0,Tai-Kadai,South,China
Chakma [ccp],22.9,92.23,#A7B958,Indo-European,Indo-Iranian,Bangladesh
Cham_Eastern [cjm],11.333,108.5,#22D5A9,Malayo-Polynesian,Malayo-Sumbawan,Vietnam
Cham_Western [cja],12,105.5,#1DD2A2,Malayo-Polynesian,Malayo-Sumbawan,Cambodia
Chamorro [cha],13.583,145,#367D4B,Malayo-Polynesian,Chamorro,Guam
Chantyal [chx],28.75,83.5,#CCC598,Tibeto-Burman,Bodic,Nepal
Chattisgarhi [hne],21.25,81.25,#C6B144,Indo-European,Indo-Iranian,India
Chechen [che],43.13,45.54,#D4826E,Nakh-Daghestanian,Nakh,Russia
Chemehuevi [ute-3],34.33,-115.17,#AE6A6E,Uto-Aztecan,North,USA
Chepang [cdm],28.05,83.92,#BB9F99,Tibeto-Burman,Chepang,Nepal
Cherokee [chr],35.5,-83.5,#80388F,Iroquoian,Southern,USA
Chickasaw [cic],34,-88,#874CB9,Muskogean,Western,USA
Chimariko [cid],41,-123,#A0448F,Chimariko,,USA
Chin_Daai [dao],21.1,93.65,#8C9BAA,Tibeto-Burman,Kuki-Chin-Naga,Myanmar
Chin_Falam [cfm],22.9,93.67,#9F8898,Tibeto-Burman,Kuki-Chin-Naga,Myanmar
Chin_Tiddim [ctd],23.333,93.667,#73A0C0,Tibeto-Burman,Kuki-Chin-Naga,Myanmar
Chinook [chh],46,-124,#693C4F,Chinook,,USA
ChiNyanja [nya],-15,35,#3B666D,Niger-Kongo,Bantoid,Malawi
Chipewyan [chp],59,-106,#6F4D95,Dene-Yeniseic,Na-Dene,Canada
Chiricahua [apm],33.5,-108,#734097,Dene-Yeniseic,Na-Dene,USA
Chitimacha [ctm],29.67,-91,#9C529F,Totozoquean-Chitimacha,Chitimacha,USA
Chittagong [ben-2],22.37,91.8,#D1C650,Indo-European,Indo-Iranian,Bangladesh
Chöcangacakha [cgk],27.5,90.88,#C1C7B5,Tibeto-Burman,Bodic,Bhutan
Choctaw [cho],32.25,-88.5,#8F47B6,Muskogean,Western,USA
Cholon [cht],-8,-77.5,#96428D,Cholon,,Peru
Chontal [chd],18.17,-92.58,#666B3B,Mayan,Chol-Tzeltal,Mexico
Chrau [crw],10.667,107.5,#1BCE8B,Austroasiatic,Bahnaric,Vietnam
Chukchi [ckt],67,-173,#AB7971,Chukotko-Kamchatkan,Main,Russia
Chumash [boi],34.67,-120.25,#6C5B6D,Chumash,,USA
Chuukese [chk],7.333,151.75,#2E837A,Oceanic,Micronesian,USA Federated States of Micronesia
Chuvash [chv],55.5,47.5,#E18774,Turkic,Oghur,Russia
CiLuba [lua],-6,22,#395363,Niger-Kongo,Bantoid,Democratic Republic of the Congo
Classical Malay [xxx-96],2.2,102.5,#289F54,Malayo-Polynesian,Malayo-Sumbawan,Malaysia
Coahuilteco [xxx-6],28,-100,#9736A4,Coahuilteco,,USA
Cocopa [coc],32.5,-115,#A927A8,Yuman-Cochimi,Yuman,USA
Coeur d'Alene [crd],47.33,-117,#673F69,Salish,Interior,USA
Cogtse Gyarong [jya],32.1,100.6,#AB7587,Tibeto-Burman,Qiangic,China
Comanche [com],33.5,-101.5,#B16070,Uto-Aztecan,North,USA
Comox [coo],49.75,-125,#733546,Salish,Central,Canada
Coos [csz],43.5,-124.17,#89474B,Coos,,USA
Cora [crn],23.333,-99,#923B54,Uto-Aztecan,South,Mexico
Cornish [cor],50.5,-4.5,#678A35,Indo-European,Celtic,Britain
Cree_Plains [crk],54,-116,#6B3875,Algic,Algonquian,Canada
Cree_Woods [cwd],58,-102,#7B3E71,Algic,Algonquian,Canada
Creek [mus],30.41,-85.2,#AA2AAD,Muskogean,Eastern,USA
Crow [cro],45.5,-108,#7E2BBC,Siouan,Western,USA
Cua [cua],15.167,108.667,#2CE18C,Austroasiatic,Bahnaric,Vietnam
Cubeo [cub],1.33,-70.5,#C15979,Tucanoan,Cubeo,Colombia
Cupeño [cup],33.17,-116.5,#CD4A74,Uto-Aztecan,North,USA
Czech [ces],50,14.5,#B58B2C,Indo-European,Balto-Slavic,Czech Republic
Dadua [gal-2],-8.135,125.638,#357382,Malayo-Polynesian,Timoric,Timor leste
Daga [dgz],-10,149.25,#79579E,Trans New Guinea,Southeast,Papua New Guinea
Dagaare [dga],11.5,-2.5,#47AF87,Niger-Kongo,Gur,Burkina Faso
Dagur [dta],48,124,#BEA560,Mongolic,Eastern,China
Dahalik [dlk],15.75,40.25,#817F54,Afro-Asiatic,Semitic,Eritrea
Dakpa [dka],27.75,91.5,#BCC2AD,Tibeto-Burman,Bodic,Bhutan
Damal [uhn],-4,137.5,#B258BF,Damal,,Indonesia
Damar_West [drn],-7,128.5,#475E84,Malayo-Polynesian,West Damar,Indonesia
Dameli [dml],35.375,71.693,#DD924E,Indo-European,Indo-Iranian,Pakistan
Dami [dad],-5.315,145.613,#6C58A9,Oceanic,,Papua New Guinea
Damin [xxx-7],-16.4,139.35,#9D9572,Tangkic,,Australia
Dani [dni],-4,138.917,#A73FC7,Trans New Guinea,Dani,Indonesia
Danish [dan],56,10,#8BB736,Indo-European,Germanic,Denmark
Darai [dry],27.85,84.1,#D59F61,Indo-European,Indo-Iranian,Nepal
Darma [drd],29.84,80.517,#B69494,Tibeto-Burman,Western Himalayan,India
Dekwana [mch],4.5,-63.5,#913190,Cariban,Guianan,Venezuela
Denaina [tfn],62,-150,#712DB1,Dene-Yeniseic,Na-Dene,USA
Denjongkha [sip],27.5,88.5,#92DBA0,Tibeto-Burman,Bodic,India
Dhao [nfa],-10.83,122.75,#277877,Malayo-Polynesian,Flores-Sawu-Sumba,Indonesia
Dharawal [tbh],-34.5,150.5,#A8B395,Pama-Nyungan,Yuin,Australia
Dharuk [xxx-8],-33.1,151.75,#BF6E88,Pama-Nyungan,Yuin,Australia
Dharumbal [bjy],-22.75,150,#AE9880,Pama-Nyungan,Rockhampton,Australia
Dhimal [dhi],26.6,86.75,#C79E87,Tibeto-Burman,Bodic,Nepal
Didinga [did],4.33,33.6,#764E4E,Nilo-Saharan,Eastern Sudanic,Sudan
Diegueño [dih],32.67,-116.17,#A03A9D,Yuman-Cochimi,Yuman,USA
Digaru Mishmi [mhu],28.2,96.2,#C59A9A,Tibeto-Burman,Tani,India
Dimasa [dis],25.33,93,#A595B6,Tibeto-Burman,Bodo-Garo,India
Dime [dim],6.25,36.33,#BD9A69,Afro-Asiatic,Omotic,Ethiopia
Dimili [diq],38,40,#CA9346,Indo-European,Indo-Iranian,Turkey
Dingri [bod-4],28.567,86.633,#BEB4AB,Tibeto-Burman,Bodic,China
Diola [dyo],13,-16,#325467,Niger-Kongo,Atlantic,Senegal
Diyari [dif],-28,139,#A47C7B,Pama-Nyungan,Karnic,Australia
Djabugay [dyy],-16.65,145.5,#BDA482,Pama-Nyungan,Yidinic,Australia
Djambarrpuyngu [djr],-12,135.5,#AA997A,Pama-Nyungan,Yolngu,Australia
Djapu [duj],-12.667,136,#9E966D,Pama-Nyungan,Yolngu,Australia
Djaru [ddj],-18.75,128,#AE8D80,Pama-Nyungan,Ngumbin-Yapa,Australia
Djinang [dji],-12.5,134.833,#B09B76,Pama-Nyungan,Yolngu,Australia
Djingili [jig],-17.25,133.833,#9B6670,Mirndi,Barkly,Australia
Dobel [kvo],-6.083,134.5,#404A88,Malayo-Polynesian,Southeast Maluku,Indonesia
Dogon [dbu],14.5,-2.5,#A363A1,Niger-Kongo,Dogon,Mali
Dohoi [otd],-0.5,113,#2A6E67,Malayo-Polynesian,Barito,Indonesia
Dolpo [dre],29,83,#B8B3C9,Tibeto-Burman,Bodic,Nepal
Dom [doa],-6,144.917,#8E67B9,Trans New Guinea,Chimbu,Papua New Guinea
Domung [dev],-5.82,146.68,#A55892,Trans New Guinea,Finisterre-Huon,Papua New Guinea
Dong [doc],26,109,#2AD48F,Tai-Kadai,South,China
Dongwang [khg],28.25,99.55,#B5C3B0,Tibeto-Burman,Bodic,China
Doutai [tds],-3.25,138.25,#8CA5AB,Lakes Plains,Eastern,Indonesia
Doyayo [dow],8.67,13.08,#4C5886,Adamawa-Ubangi,Adamawa,Cameroon
Drehu [dhv],-21,167.083,#29A65A,Oceanic,Southern Oceanic,New Caledonia
Drokpa [bod-5],29.05,84.5,#C9BDB3,Tibeto-Burman,Bodic,China
Dulong [duu],28,98.333,#A5A1A2,Tibeto-Burman,Nungish,China
Dumaki [dmk],36.167,74,#D0B952,Indo-European,Indo-Iranian,Pakistan
Dumi [dus],27.25,86.67,#BF7B9A,Tibeto-Burman,Kiranti,Nepal
Dumo [vam],-2.667,141.25,#4D7BB5,Skou,West,Papua New Guinea
Duna [duc],-5.417,142.5,#AC95E0,Trans New Guinea,Duna,Papua New Guinea
Dura [drq],28.5,84.25,#C1CA81,Tibeto-Burman,Dura,Nepal
Dutch [nld],52,7,#919D1A,Indo-European,Germanic,Netherlands
Dyirbal [dbl],-17.583,145.5,#979585,Pama-Nyungan,Dyirbalic,Australia
Dzongkha [dzo],27.5,89.5,#CBADA0,Tibeto-Burman,Bodic,Bhutan
Eastern Lawa [lwl],19.01,98.76,#13DF92,Austroasiatic,Waic,Thailand
Edolo [etr],-6.083,142.667,#B26BC2,Trans New Guinea,Bosavi,Papua New Guinea
Ejagham [etu],5.6,9,#5B7787,Niger-Kongo,Bantoid,Cameroon
Ekagi [ekg],-3.917,136.25,#8E49B5,Trans New Guinea,Wissel Lakes,Indonesia
Elopi [dbf],-3.083,137.333,#62A9C3,Lakes Plains,Eastern,Indonesia
Embaloh [emb],1.163,112.37,#196E76,Malayo-Polynesian,Greater South Sulawesi,Indonesia
Embera_Baudo [bdc],5.2,-76.8,#968C96,Chocoan,Emberá,Colombia
Enggano [eno],-5.333,102.25,#357066,Malayo-Polynesian,Batak-Barrier Islands,Indonesia
English [eng],52,0,#81A213,Indo-European,Germanic,Britain
Erzgebirgisch [nds-3],50.58,13,#978A2B,Indo-European,Germanic,Germany
Estonian [est],59,25,#A69E2B,Uralic,Finnic,Estonia
Eton [eto],4,11.5,#3B5E6B,Niger-Kongo,Bantoid,Cameroon
Even [eve],68,130,#C17286,Tungusic,North,Russia
Evenki [evn],56,125,#CD7870,Tungusic,North,Russia
Ewe [ewe],6,1,#3B847F,Niger-Kongo,Kwa,Ghana
Eyak [eya],60.5,-145,#9B3D90,Dene-Yeniseic,Na-Dene,USA
Fang [fan],0.5,11,#395E71,Niger-Kongo,Bantoid,Equatorial Guinea
Faroese [fao],61.5,-7,#9EBC1A,Indo-European,Germanic,Denmark
Farsi [pes],32,54,#92773B,Indo-European,Indo-Iranian,Iran
Fasu [faa],-6.417,143.167,#BA63C6,Trans New Guinea,Kutubuan,Papua New Guinea
Fijian [fij],-18,178.333,#387367,Oceanic,Central Pacific,Fiji
Finnish [fin],62,25,#A6922A,Uralic,Finnic,Finland
Fordata [frd],-7.17,131.5,#2B609C,Malayo-Polynesian,Southeast Maluku,Indonesia
Fore [for],-6.75,145.5,#BE46A1,Trans New Guinea,Gorokan,Papua New Guinea
French [fra],48,3,#7CA01B,Indo-European,Romance,France
Frisian [frs],53.2,5.76,#8AB029,Indo-European,Germanic,Netherlands
Fula [fuh],11.5,-12.5,#565477,Niger-Kongo,Atlantic,Guinea
Fulniô [fun],-8.2,-37.3,#AB52B3,Macro-Je,Yate,Brazil
Fur [fvr],13,25,#949892,Nilo-Saharan,Fur,Sudan
Futuna_West [fut-2],-19.667,170.667,#39A774,Oceanic,Central Pacific,Vanuatu
Fuyuge [fuy],-8.667,147.333,#8F89AF,Trans New Guinea,Goilala,Papua New Guinea
Fuzhou [cdo],26.5,119,#5FDB8C,Tibeto-Burman,Sinitic,China
Ga'anda [gqa],10.33,12.58,#515979,Afro-Asiatic,Chadic,Nigeria
Gaagudju [gbu],-12.583,132.833,#69507F,Gaagudju,,Australia
Gaahmg [tbi-2],11.767,34.35,#4D847B,Nilo-Saharan,East_Sudanic,Sudan
Gabigabi [xxx1],-25.5,153,#A4AB9C,Pama-Nyungan,WakaKabic,Australia
Gadsup [gaj],-6.333,146,#C25797,Trans New Guinea,Kainantu,Papua New Guinea
Gahuku [gah],-6.083,145.4,#C73E9B,Trans New Guinea,Gorokan,Papua New Guinea
Galela [gbi],2,128.417,#3B5D9F,West Papuan,North Halmahera,Indonesia
Galo [adi],28,94.75,#A78FB4,Tibeto-Burman,Tani,India
Galolen [gal],-8.58,126,#3D7696,Malayo-Polynesian,Timoric,Timor leste
Gamilaraay [kld-2],-31,149.5,#B78D77,Pama-Nyungan,,Australia
Gapapaiwa [pwg],-9.8,149.833,#645893,Oceanic,Western Oceanic,Papua New Guinea
Garawa [gbc],-17.25,137.667,#948C66,Wanyi-Garrwa,,Australia
Garo [grt],26,90,#A48FAF,Tibeto-Burman,Bodo-Garo,India
Gathang [kda],-32,152.5,#AFA18E,Pama-Nyungan,Yuin,Australia
Gayo [gay],4.55,96.95,#268A6B,Malayo-Polynesian,Batak-Barrier Islands,Indonesia
Gbaya-Kara [gya],6,15,#318B9F,Adamawa-Ubangi,Ubangi,Central African Republic
Gbaya-Mbodomo [mdo],4.5,15,#498C86,Adamawa-Ubangi,Ubangi,Central African Republic
Gbeya_Bossangoa [gbp],6.67,17.5,#438575,Adamawa-Ubangi,Ubangi,Central African Republic
Gela [nlg],-9.167,160.333,#2D6754,Oceanic,Southeast Solomonic,Solomons
Gelao [gio],22.92,105.5,#2CD5A0,Tai-Kadai,North,China
Georgian [kat],41.72,44.78,#B9864C,Kartvelian,Georgian,Georgia
German [deu],50,10,#9DAA13,Indo-European,Germanic,Germany
German_Swiss [gsw],46.975,8.405,#97AB24,Indo-European,Germanic,Switzerland
Ghale [ghe],28.25,84.9,#D5C2A3,Tibeto-Burman,Ghale,Nepal
Gikuyu [kik],-0.75,36.75,#3C596A,Niger-Kongo,Bantoid,Kenya
Gimi [gim],-6.639,145.377,#C641B4,Trans New Guinea,Gorokan,Papua New Guinea
Gitksan [git],55.33,-127.75,#646263,Tsimshian,,Canada
Gogodala [ggw],-8.083,143,#C556A4,Trans New Guinea,Suki-Gogodala,Papua New Guinea
Gojri [gju],33,76,#DA9E4C,Indo-European,Indo-Iranian,India
Golden Palaung [pll],22.97,97.17,#20D97D,Austroasiatic,Palaungic,Myanmar
Golin [gvf],-6.25,144.833,#9461B9,Trans New Guinea,Chimbu,Papua New Guinea
Gondi [gno],19,84.6,#E6B563,Dravidian,South-central,India
Gooniyandi [gni],-18.5,126.6,#7C637B,Bunuban,,Australia
Gorontalo [gor],0.5,122,#367A6D,Malayo-Polynesian,Philippines,Indonesia
Gorum [pcj],18.5,82.733,#C1617F,Austroasiatic,Munda,India
Great Andamanese [abj],12.5,92.83,#BB6D92,Andaman,,India
Grebo [gry],5.3,-8,#629274,Niger-Kongo,Kru,Liberia
Greek [ell],38,23,#9A8C09,Indo-European,Greek,Greece
Green_Hmong [hnj],28,105,#2DD773,Hmong-Mien,Hmongic,China
Greenlandic [kal],61,-48,#C14087,Eskimo-Aleut,Eskimo,Greenland (Denmark)
Gtaq [gaq],18.633,83.5,#B4728E,Austroasiatic,Munda,India
Gtob [gbj],18.583,82.867,#B6768C,Austroasiatic,Munda,India
Guajajara [gub],-5,-45,#5B3FA5,Tupi,Tupi-Guarani,Brazil
Guajira [guc],12,-72,#55466B,Arawak,North,Colombia
Guarani [gug],-23,-56,#5C5C7F,Tupi,Tupi-Guarani,Paraguay
Gubeeher [bcb],12.5,-16.5,#40476C,Niger-Kongo,Atlantic,Senegal
GuhuSamane [ghs],-8,147.25,#BE54B7,Trans New Guinea,Southeast,Papua New Guinea
Gujarati [guj],23.25,72.7,#D7B529,Indo-European,Indo-Iranian,India
Gumawana [gvs],-9.25,150.833,#494B98,Oceanic,Western Oceanic,Papua New Guinea
Gumbaynggir [kgs],-30.4,152.5,#A87E97,Pama-Nyungan,Central-East,Australia
Gününa Yajich [xxx-41],-38,-62.5,#8A637B,Chonan,,Argentina
Gureng Gureng [gnr],-25.25,151,#A99C84,Pama-Nyungan,Central-East,Australia
Gurr-goni [gge],-12.25,134.417,#895B85,Maningrida,,Australia
Gurung [gvr],28.333,84.333,#C0C4AB,Tibeto-Burman,Bodic,Nepal
Guugu Yimidhirr [kky],-15,144.833,#B69E82,Pama-Nyungan,Southeast Cape York,Australia
Haa Zongkha [dzo-2],27.135,89.12,#C3CAB3,Tibeto-Burman,Bodic,Bhutan
Hadoti [hoj],25.1,76.52,#C8A243,Indo-European,Indo-Iranian,India
Haida [hdn],53,-132,#818086,Haida,,Canada
Hajong [haj],26.2,90.5,#C6C099,Indo-European,Indo-Iranian,India
Hakha_Lai [cnh],22.667,93.667,#7DA4AF,Tibeto-Burman,Kuki-Chin-Naga,Myanmar
Hakka [hak],24.25,116.5,#56CA84,Tibeto-Burman,Sinitic,China
Halkomelem [hur],49.5,-122.5,#723347,Salish,Central,Canada
Hanga_Hundi [wos],-3.833,142.833,#BB8186,Sepik,Ndu,Papua New Guinea
Hangzhou [wuu-2],30.25,120.167,#59DA7A,Tibeto-Burman,Sinitic,China
Harsusi [hss],19.7,55.85,#847026,Afro-Asiatic,Semitic,Oman
Hatam [had],-1,134,#457FB5,Hatam,,Indonesia
Hausa [hau],12,7,#446E53,Afro-Asiatic,Chadic,Nigeria
Hawaiian [haw],21,-157,#53976A,Oceanic,Central Pacific,USA
Hayu [vay],27.25,86,#B2939E,Tibeto-Burman,Kiranti,Nepal
Hebrew [heb],31.75,35.17,#63740B,Afro-Asiatic,Semitic,Israel
Helong [heg],-10.25,123.67,#347D88,Malayo-Polynesian,Timoric,Indonesia
Herero [her],-21,20,#4B565E,Niger-Kongo,Bantoid,Namibia
Hezhou [cmn-64],35.6,103.22,#84E395,Tai-Kadai,North,China
Hidatsa [hid],48,-110,#9312B4,Siouan,Western,USA
Hiligaynon [hil],10.25,123,#49885D,Malayo-Polynesian,Philippines,Philippines
Hill_Madia [mrr],18.9,81.15,#DD776B,Dravidian,South-central,India
Hindi [hin],27.2,79.5,#D3B629,Indo-European,Indo-Iranian,India
Hiw [hiw],-13.25,166.5,#356A98,Oceanic,Southern Oceanic,Vanuatu
Hixkaryana [hix],1.5,-60,#7B4171,Cariban,Parukotan,Brazil
Hkongso [mro],21.5,93,#68D6A0,Tibeto-Burman,Mru,Myanmar
Hlai [lic],19.05,109.9,#1FDDA3,Tai-Kadai,South,China
Hlersu [hle],24.05,101.975,#8CD6AC,Tibeto-Burman,Lolo-Burmese,China
Hmar [hmr],25,92.2,#A8B9A2,Tibeto-Burman,Kuki-Chin-Naga,India
Ho [hoc],22,86,#AC6A7D,Austroasiatic,Munda,India
Hobyot [hoh],16.21,52.2,#836B2F,Afro-Asiatic,Semitic,Oman
Holoholo [hoo],-5.5,28.25,#435E65,Niger-Kongo,Bantoid,Democratic Republic of the Congo
Hopi [hop],36,-110,#BF598D,Uto-Aztecan,North,USA
Hote_Misim [hot],-7.027,146.924,#347A9F,Oceanic,,Papua New Guinea
Hresuk [adb],-8.22,125.61,#27A29B,Malayo-Polynesian,Timoric,Timor leste
Hua [ygr],-6.333,145.3,#C6509D,Trans New Guinea,Gorokan,Papua New Guinea
Huastec [hsf],22.08,-99.33,#595942,Mayan,Huastecan,Mexico
Huichol [hch],22,-104,#B94D94,Uto-Aztecan,South,Mexico
Hungarian [hun],47,19,#A09E32,Uralic,Ugric,Hungary
Hunzib [huz],42.16,46.23,#D88961,Nakh-Daghestanian,Tsezic,Russia
Hup [jup],0.167,-69.25,#AA829C,Nadahup,,Brazil
Hupa [hup],41.08,-123.67,#854C86,Dene-Yeniseic,Na-Dene,USA
I’saka [ksi],-2.9,141.4,#604CB7,Skou,South,Papua New Guinea
Iaai [iai],-20.417,166.417,#238454,Oceanic,Southern Oceanic,New Caledonia
Iatmul [ian],-4.25,143.25,#CD7F9A,Sepik,Ndu,Papua New Guinea
Iau [tmu],-3.167,138,#6999B5,Lakes Plains,Eastern,Indonesia
Iban [iba],2,112,#18BE79,Malayo-Polynesian,Malayo-Sumbawan,Malaysia
Icelandic [isl],65,-19,#9CB918,Indo-European,Germanic,Iceland
Idu Mishmi [clk],29,96,#A1A1B8,Tibeto-Burman,Tani,India
Ifugao_Batad [ifb],16.833,121.083,#4A7D4A,Malayo-Polynesian,Philippines,Philippines
Igbo [ibo],6,7.33,#558386,Niger-Kongo,Igboid,Nigeria
Iha [ihp],-2.8,132.35,#9951C3,Trans New Guinea,Bomberai,Indonesia
Ik [ikx],3.75,34.17,#878555,Nilo-Saharan,Kuliak,Uganda
Ika [arh],10.75,-73.5,#A9689D,Chibchan,East,Colombia
Ilokano [ilo],16,121,#4D8144,Malayo-Polynesian,Philippines,Philippines
Imonda [imn],-3.25,141.167,#8E7193,Trans New Guinea,Border,Papua New Guinea
Inanwatan [szp],-2.17,132,#8236B0,Trans New Guinea,South Birds Head,Indonesia
Indonesian [ind],-2.5,104.75,#1A9C63,Malayo-Polynesian,Malayo-Sumbawan,Indonesia
Ingush [inh],42.97,44.77,#D79273,Nakh-Daghestanian,Nakh,Russia
Iñupiaq [esi],68.13,-151.72,#D24587,Eskimo-Aleut,Eskimo,USA
Irabu_Ryukyu [mvi-3],24.833,125.183,#C89DA3,Japonic,Ryukyuan,Japan
Iraqw [irk],-3.5,35,#707D67,Afro-Asiatic,Cushitic,Tanzania
Irarutu [irh],-3,133.5,#316197,Malayo-Polynesian,Eastern Malayo-Polynesian,Indonesia
Irish [gle],53,-7,#6E7A1F,Indo-European,Celtic,Ireland
Irula [iru],13,77,#E79072,Dravidian,South,India
Italian [ita],43,14,#769E17,Indo-European,Romance,Italy
Itelmen [itl],57,157.5,#BA5A55,Chukotko-Kamchatkan,Main,Russia
Ivatan_Southern [ivv],20.33,121.83,#488563,Malayo-Polynesian,Bashiic,Philippines
Ivori [ago],-7.456,145.583,#AF3AB6,Trans New Guinea,Angan,Papua New Guinea
Iwam [iwm],-4.25,141.83,#A5799B,Sepik,Iwam,Papua New Guinea
Iyo [nca-2],-5.807,146.143,#8E52B8,Trans New Guinea,Finisterre-Huon,Papua New Guinea
Izi [izi],6.332,8.104,#27CD97,Niger-Kongo,Igboid,Nigeria
Jacaltec [jac],15.75,-91.75,#4D4A57,Mayan,Kanjobal-Chuj,Guatemala
Jahai [jhi],5.9,101.5,#358966,Austroasiatic,Aslian,Malaysia
Jambi Malay [jax],-1.75,103,#079C69,Malayo-Polynesian,Malayo-Sumbawan,Indonesia
Jaminjung [djd],-15.083,130.5,#B84B7C,Mirndi,West,Australia
Jamul Tiipay [dih-2],32.17,-116.5,#89439F,Yuman-Cochimi,Yuman,USA
Japanese [jpn],37,140,#B09D84,Japonic,Japanese,Japan
Jaqaru [jqr],-12.85,-76,#CA636B,Aymaran,,Peru
Jarawa [anq],11.167,92.5,#A4A685,Andaman,,India
Javanese [jav],-7.5,110.667,#15A765,Malayo-Polynesian,Javanic,Indonesia
Jebero [jeb],-5.2,-76.4,#924271,Cahuapanan,,Peru
Jejara [pzn],25.45,94.95,#4FD3B1,Tibeto-Burman,Kuki-Chin-Naga,Myanmar
Jero [jee],27.2,86.25,#CE85AF,Tibeto-Burman,Kiranti,Nepal
Jiaomuzu [qxs-2],31.9,102.43,#A48C92,Tibeto-Burman,Qiangic,China
Jibbali [shv],17.2,54.9,#806F11,Afro-Asiatic,Semitic,Oman
Jingpho [kac],28,98,#61E2B6,Tibeto-Burman,Jingpho,Myanmar
Jirel [jul],27.65,86.23,#DDA096,Tibeto-Burman,Bodic,Nepal
Jivaro [jiv],-3,-78.25,#C57A68,Jivaroan,,Ecuador
Jomang [tlo],10.58,30.5,#4E748C,Kordofanian,Talodi,Sudan
Jru [lbo],15.333,106.333,#0DC4A0,Austroasiatic,Bahnaric,Laos
Ju|'hoan [ktz],-19,21,#2DA692,Kx'aa,,Namibia
Juang [jun],21.167,85.833,#B97280,Austroasiatic,Munda,India
Juba_Arabic [apd-2],4.85,31.6,#31BE78,Afro-Asiatic,Semitic,Sudan
K'chò [mwq],20.29,94.39,#9D81A0,Tibeto-Burman,Kuki-Chin-Naga,Myanmar
Kabardian [kbd],43.52,43.63,#C63B8B,North-west Caucasus,Circassian,Russia
Kabyle [kab],36.5,5,#6E5133,Afro-Asiatic,Berber,Algeria
Kachi [gjk],23.25,69.67,#DA9E38,Indo-European,Indo-Iranian,India
Kadazan [kzj],5.917,117.167,#3C8B58,Malayo-Polynesian,North Borneo,Malaysia
Kadiwéu [kbc],-20,-57,#5E4D6F,Guaicuruan,Northern,Brazil
Kaera [xxx11],-8.38,124.21,#5473BC,Timor-Alor-Pantar,Alor-Pantar,Indonesia
Kagoshima [jpn-5],31.6,130.55,#BDA293,Japonic,Japanese,Japan
Kaike [kzq],28.9,83.17,#CFA8AD,Tibeto-Burman,Bodic,Nepal
Kairiru [kxa],-3.417,143.583,#4460AC,Oceanic,Western Oceanic,Papua New Guinea
Kakua [cbv],1.08,-70,#D24BA1,Nadahup,,Brazil
Kala Lagaw Ya [mwp],-10.12,142.12,#B3C58D,Pama-Nyungan,Torres Strait,Australia
Kalam [kmh],-5.25,144.583,#9572AD,Trans New Guinea,Madang,Papua New Guinea
Kalami [gwc],35.48,72.59,#CCAF55,Indo-European,Indo-Iranian,Pakistan
Kalasha [kls],35.73,71.75,#D59658,Indo-European,Indo-Iranian,Pakistan
Kalkatungu [ktg],-21,139.5,#BB6482,Pama-Nyungan,Kalkatungu,Australia
Kalkoti [xka],21.91,79,#DAB26C,Indo-European,Indo-Iranian,India
Kalmyk [xal],45,47,#C29971,Mongolic,Eastern,Russia
Kalo [khz-2],-10.13,147.95,#893E94,Oceanic,,Papua New Guinea
Kamang [woi],-8.25,124.833,#4E58C2,Timor-Alor-Pantar,Alor-Pantar,Indonesia
Kamasau [kms],-3.83,143.83,#5572B2,Torricelli,Marienberg,Papua New Guinea
Kamba [kam],-2,38,#3D6066,Niger-Kongo,Bantoid,Kenya
Kambera [xbr],-9.833,120.5,#1E7B7F,Malayo-Polynesian,Flores-Sawu-Sumba,Indonesia
Kambran [bed],-2.78,132.7,#438EAA,Malayo-Polynesian,Eastern Malayo-Polynesian,Indonesia
Kamoro [kgq],-4.333,136,#BC3BB1,Trans New Guinea,Asmat-Kamoro,Indonesia
Kamrup_Barpetiya [asm-5],26.53,91,#CAA55B,Indo-European,Indo-Iranian,India
Kamula [xla],-7.3,142.5,#B85CC8,Trans New Guinea,Bosavi,Papua New Guinea
Kanakuru [kna],10,12,#598168,Afro-Asiatic,Chadic,Nigeria
Kanashi [xns],32,77.55,#C1B767,Tibeto-Burman,Western Himalayan,India
Kangri [xnr],31.5,77,#E5A356,Indo-European,Indo-Iranian,India
Kannada [kan],15,76,#DC9166,Dravidian,South,India
Kannada_Bidar [kan-2],17.8,77.15,#DEA264,Dravidian,South,India
Kanoê [kxo],-12.5,-62.25,#9F44A2,Kanoê,,Brazil
Kanum [kcd],-8.583,140.75,#B7686B,South New Guinea,,Indonesia
Kanuri [knc],11.25,14.25,#946870,Nilo-Saharan,Saharan,Cameroon
Kapampangan [pam],15.333,120.5,#4A644C,Malayo-Polynesian,Philippines,Philippines
Kapau [hmt],-7.667,146.167,#9E39A5,Trans New Guinea,Angan,Papua New Guinea
Karachay-Balkar [krc],44,42,#D8A265,Turkic,North-west,Russia
Karaim [kdr],54.63,24.93,#A79E44,Turkic,North-west,Lithuania
Karajarri [gbd],-18.5,122.5,#B4A081,Pama-Nyungan,Marngu,Australia
Karakalpak [kaa],43,60,#DB9A69,Turkic,North-west,Uzbekistan
Karas Laut [kgv],-3.6,132.667,#AA729C,Trans New Guinea,Bomberai,Indonesia
Karbi [mjw],26.2,93.5,#AB8CB2,Tibeto-Burman,Mikir,India
Karen [bwe],17,98,#1CD2B0,Tibeto-Burman,Karen,Myanmar
Karen_Geba [kvq],19.02,96.58,#1AC7A7,Tibeto-Burman,Karen,Myanmar
Karen_Pho [pwo],14.333,98.3,#27DEAE,Tibeto-Burman,Karen,Myanmar
Karen_Pho_Kyonbyaw [pwo-3],17.6,95.2,#17C0B3,Tibeto-Burman,Karen,Myanmar
Karen_Sgaw [ksw],16.9,94.9,#1FD4A5,Tibeto-Burman,Karen,Myanmar
KarkarYuri [yuj],-3.75,141.083,#A07FB8,Trans New Guinea,Karkar-Yuri,Papua New Guinea
Karo_Batak [btx],3,98.167,#327D60,Malayo-Polynesian,Batak-Barrier Islands,Indonesia
Karok [kyh],41.67,-123,#A13C8B,Karok,,USA
Kashmiri [kas],34,76,#DA9A43,Indo-European,Indo-Iranian,India
Kasua [khs],-6.513,143.005,#AB93B4,Trans New Guinea,Bosavi,Papua New Guinea
Kate [kmg],-6.5,147.833,#A550AC,Trans New Guinea,Finisterre-Huon,Papua New Guinea
Kati_North [yon],-5.5,141,#924AC5,Trans New Guinea,Ok,Indonesia
Katu [ktv],15.833,107.583,#25D18B,Austroasiatic,Katuic,Vietnam
Kaugel [ubu],-5.95,144.167,#B160AC,Trans New Guinea,Chimbu,Papua New Guinea
Kaulong [pss],-6.25,150.5,#3C6BA6,Oceanic,Western Oceanic,Papua New Guinea
Kaure [bpp],-3.333,139.333,#BD53AE,Trans New Guinea,Kaure,Indonesia
Kawaiisu [xaw],36,-117.5,#9C4A72,Uto-Aztecan,North,USA
Kayah_Li [eky],19,98,#42C1B6,Tibeto-Burman,Karen,Myanmar
Kayan Lahta [kvt],20.18,97.38,#27DBAC,Tibeto-Burman,Karen,Myanmar
Kayardild [gyd],-17.05,139.5,#AE857F,Tangkic,,Australia
Kazakh [kaz],50,70,#DD8E71,Turkic,North-west,Kazakhstan
Kedang [ksx],-8.25,123.75,#307C99,Malayo-Polynesian,Timoric,Indonesia
Kei [kei],-5.67,133.08,#348698,Malayo-Polynesian,Kei,Indonesia
Kéo [xxk],-8.83,121.25,#12BD82,Malayo-Polynesian,Flores-Sawu-Sumba,Indonesia
Kera [ker],9.83,15.08,#4E9282,Afro-Asiatic,Chadic,Chad
Keraq [unr-2],24,85.2,#BC826E,Austroasiatic,Munda,India
Kerinci [kvr],-2.15,101.5,#4AAF5D,Malayo-Polynesian,Malayo-Sumbawan,Indonesia
Kesui [wah],-4.5,131.667,#33699F,Malayo-Polynesian,Central Maluku,Indonesia
Ket [ket],64,87,#7D7960,Dene-Yeniseic,Yeniseic,Russia
Keuw [khh],-3.2,136.2,#5BABCE,Keuw,,Indonesia
Kewa [kew],-6.333,143.75,#B0809E,Trans New Guinea,Engan,Papua New Guinea
Khakas [kjh],53,90,#DC9374,Turkic,North-east,Russia
Khalaj [klj],35,50,#C09764,Turkic,South-west,Iran
Khaling [klr],27.6,86.7,#BB819C,Tibeto-Burman,Kiranti,Nepal
Khalkha [khk],47,108,#D1AA72,Mongolic,Eastern,Mongolia
Kham [kgj],28.5,82.75,#D08996,Tibeto-Burman,Kham,Nepal
Khanty [kca],65,65,#9E8B71,Uralic,Ugric,Russia
Kharia [khr],22.5,83.5,#BB8677,Austroasiatic,Munda,India
Khasi [kha],26,92,#57C45E,Austroasiatic,Khasic,India
Khengkha [xkf],27.28,90.75,#BBC0BE,Tibeto-Burman,Bodic,Bhutan
Khmer [khm],12,105,#19CF96,Austroasiatic,Khmer,Cambodia
Khmu [kjg],19,100.75,#22D387,Austroasiatic,Khmuic,Thailand
Khowar [khw],36.5,72.5,#DB9D6A,Indo-European,Indo-Iranian,Pakistan
Kija [gia],-17.5,127.75,#B7428F,Jarrakan,,Australia
Kilivila [kij],-8.5,151,#26517E,Oceanic,Western Oceanic,Papua New Guinea
Kiluba [lub],-8.5,26,#355B74,Niger-Kongo,Bantoid,Democratic Republic of the Congo
Kimaama [kig],-8,138.883,#627EC3,Kolopom,,Indonesia
Kinnauri [kfk],31.5,78.25,#BC9E73,Tibeto-Burman,Western Himalayan,India
KinyaRwanda [kin],-2,30,#495B5F,Niger-Kongo,Bantoid,Rwanda
Kiowa [kio],37,-99,#8A458E,Kiowa-Tanoan,Kiowa-Towa,USA
Kirghiz [kir],42,75,#E08D6C,Turkic,North-west,Kyrgystan
Kiribati [gil],1.333,173,#1D6958,Oceanic,Micronesian,Kiribati
Kisi [kss],8.83,-10.17,#3F7878,Niger-Kongo,Atlantic,Guinea
Kitanemuk [xxx-43],34.5,-117.5,#97586F,Uto-Aztecan,North,USA
Kiwai [kjd],-8.583,143.25,#945989,Trans New Guinea,Kiwaian,Papua New Guinea
Klamath [kla],42.5,-121.5,#A17246,Oregon Penutian,,USA
Klon [kyo],-8.417,124.417,#4676BF,Timor-Alor-Pantar,Alor-Pantar,Indonesia
Koasati [cku],34.83,-85.17,#9E3DA5,Muskogean,Eastern,USA
Kobon [kpw],-5.167,144.417,#856CB3,Trans New Guinea,Madang,Papua New Guinea
Kodagu [kfa],13.08,76.42,#DA9F6B,Dravidian,South,India
Koiali_Mountain [kpx],-9.083,147.5,#A34AB7,Trans New Guinea,Koiari,Papua New Guinea
Koiwai [kwh],-4,134,#3F5C8E,Malayo-Polynesian,Koiwai,Indonesia
Kokborok [trp],24.33,92.5,#CC90AF,Tibeto-Burman,Bodo-Garo,India
Kokota [kkk],-8,159.25,#446F5A,Oceanic,Western Oceanic,Solomons
Kola [kvv],-5.42,134.5,#2A6689,Malayo-Polynesian,Southeast Maluku,Indonesia
Kolami [kfb],20,78.5,#DBB45D,Dravidian,Central,India
Kolana [kvw],-8.3,125.133,#5D5BC6,Timor-Alor-Pantar,Alor-Pantar,Indonesia
Kolokuma [ijc],4.92,5.67,#AD749B,Niger-Kongo,Ijoid,Nigeria
Koluwawa [klx],-9.418,150.437,#4A4B99,Oceanic,,Papua New Guinea
Komba [kpf],-6.137,147.281,#AC56BA,Trans New Guinea,Finisterre-Huon,Papua New Guinea
Kombai [tyn],-5.75,140,#7A64BA,Trans New Guinea,Awyu-Dumut,Indonesia
Kombio [xbi],-3.5,142.77,#3A6EB1,Torricelli,Kombio-Arapesh,Papua New Guinea
Komo [xom],9,33.75,#427068,Nilo-Saharan,Komuz,Democratic Republic of the Congo
Komodo [knh],-8.5,119.5,#199971,Malayo-Polynesian,Bima,Indonesia
Konai [kxw],-5.655,142.07,#9767D5,Trans New Guinea,Bosavi,Papua New Guinea
Kongo [kng],-5,15,#2D6266,Niger-Kongo,Bantoid,Democratic Republic of the Congo
Konjo [kjc],-5.333,119.833,#2E6E5D,Malayo-Polynesian,Greater South Sulawesi,Indonesia
Konkani [knn],15.25,74.4,#D8B850,Indo-European,Indo-Iranian,India
Konso [kxc],5.4,37.5,#867874,Afro-Asiatic,Cushitic,Ethiopia
Korana [kqz],-26,22,#9A7670,Khoe,Khoe,Botswana
Korean [kor],37,128,#B4B777,Korean,,Korea
Korku [kfq],25,78.5,#B8975F,Austroasiatic,Munda,India
Koro [hru-2],27.25,92.8,#B39BA1,Tibeto-Burman,Siangic,India
Koromfe [kfz],14.25,-0.92,#4C7670,Niger-Kongo,Gur,Burkina Faso
Korowai [khe],-5.417,140.45,#B76CA1,Trans New Guinea,Awyu-Dumut,Indonesia
Kosraean [kos],5.3,163,#2A896A,Oceanic,Micronesian,USA Federated States of Micronesia
Koya [kff],17.5,81.333,#DEAA58,Dravidian,South-central,India
Koyi [kkt],27.4,86.9,#CC6E98,Tibeto-Burman,Kiranti,Nepal
Koyra Chiini [khq],16.75,3.5,#418D7D,Nilo-Saharan,Songhai,Mali
Kpelle [xpe],7,-10,#687779,Mande,Western,Liberia
Krongo [kgo],10.5,30,#507676,Kordofanian,Katla,Sudan
Ku Waru [xxx4],-6,144.15,#B265AA,Trans New Guinea,Chimbu,Papua New Guinea
Kuanua [ksd],-4.4,152.167,#367F5F,Oceanic,Western Oceanic,Papua New Guinea
Kube [kgf],-6.444,147.515,#9753AD,Trans New Guinea,Finisterre-Huon,Papua New Guinea
Kui [kvd],-8.583,124.75,#5553C5,Timor-Alor-Pantar,Alor-Pantar,Indonesia
Kui [kxu],20,83.5,#D0B163,Dravidian,South-central,India
Kukatj [xxx-38],-17.95,140.8,#AD8081,Pama-Nyungan,,Australia
Kuke [ght],28.531,84.846,#BD94A0,Tibeto-Burman,Kuke,Nepal
Kuku Nganhcara [wua],-14.8,141.9,#969991,Pama-Nyungan,West Cape York,Australia
Kuku Yalanji [gvn],-16,145,#ABAD6F,Pama-Nyungan,KukuYalanji,Australia
Kuman [kue],-5.917,144.917,#A25FAF,Trans New Guinea,Chimbu,Papua New Guinea
Kumauni [kfy],30,80,#E2B544,Indo-European,Indo-Iranian,India
Kumzari [zum],26,56.3,#657379,Indo-European,Indo-Iranian,Oman
Kunama [kun],14.5,37,#89708F,Nilo-Saharan,Kunama,Eritrea
Kundal_Shahi [shd],34.55,73.84,#E0A74D,Indo-European,Indo-Iranian,Pakistan
Kunjen [kjn],-16.5,142,#A5AD9A,Pama-Nyungan,Central Paman,Australia
Kuot [kto],-3.083,151.5,#464A5A,Kuot,,Papua New Guinea
Kupang Malay [mkn],-10.18,123.58,#21B385,Malayo-Polynesian,Malayo-Sumbawan,Indonesia
Kurdish [kmr],36,44,#8B6A3C,Indo-European,Indo-Iranian,Iraq
Kurtöp [xkz],27.83,91,#C6C5B5,Tibeto-Burman,Bodic,Bhutan
Kurux [kxl],26.5,87.35,#CE7C71,Dravidian,North,Nepal
Kusunda [kgg],28.33,83.1,#9F9093,Kusunda,,Nepal
Kutenai [kut],49.5,-116,#623B30,Kutenai,,Canada
Kuuk Thaayorre [thd],-14,142.25,#9A918C,Pama-Nyungan,West Cape York,Australia
Kuuku-Ya'u [kuy],-12.583,143.083,#A3998C,Pama-Nyungan,North Cape York,Australia
Kuvi [kxv],18.75,82.667,#D8B574,Dravidian,South-central,India
Kwaio [kwd],-8.917,161.083,#2F5D7C,Oceanic,Southeast Solomonic,Solomons
Kwangari [kwn],-18.5,20,#45594D,Niger-Kongo,Bantoid,Namibia
Kwaza [xwa],-12,-60.5,#945698,Kwaza,,Brazil
Kwerba [kwe],-2.167,138.5,#B45894,Kwerba,Nuclear,Indonesia
Kwini [gww],-14.333,126.75,#894290,Wororan,,Australia
Kwomtari [kwo],-3.635,141.398,#AA60B9,Kwomtari,,Papua New Guinea
Kyaka_Enga [kyc],-5.5,144.083,#A276AB,Trans New Guinea,Engan,Papua New Guinea
Kyirong_Tibetan [bod-3],28.4,85.2,#CBB0AA,Tibeto-Burman,Bodic,China
Laal [gdm],10,17.67,#567569,Laal,,Chad
Lachi [lbt],23.123,104.703,#1ADCA0,Tai-Kadai,North,China
Ladakhi [lbj],34,78,#D0A09F,Tibeto-Burman,Bodic,India
Laguna [kjq],35.25,-107.33,#7F5A91,Keresan,Western,USA
Lahu [lhu],20.75,100.75,#69ACBD,Tibeto-Burman,Lolo-Burmese,Myanmar
Lak [lbe],42.17,47.11,#B3886A,Nakh-Daghestanian,Lak,Russia
Lakhota [lkt],45,-102,#5361AB,Siouan,Western,USA
Lakkia [lbc],24.08,110.17,#25D793,Tai-Kadai,South,China
Lamaholot [slp],-8.25,123,#42989D,Malayo-Polynesian,Timoric,Indonesia
Lamani [lmn],19,76.5,#C7BB62,Indo-European,Indo-Iranian,India
Lamba [lam],9.8,10.5,#496C63,Niger-Kongo,Gur,Zambia
Lamjung Yohlmo [scp-2],28.33,84.42,#C8BBB0,Tibeto-Burman,Bodic,Nepal
Lampung [ljp],-5,105,#1BA26F,Malayo-Polynesian,Lampungic,Indonesia
Lango [laj],2,33,#3C5A69,Nilo-Saharan,Nilotic,Uganda
Lani [dnw],-3.75,138.2,#AC2CD1,Trans New Guinea,Dani,Indonesia
Lao [lao],19,103,#24DB97,Tai-Kadai,South,Laos
Larantuka Malay [lrt],-8.33,123,#25C596,Malayo-Polynesian,Malayo-Sumbawan,Indonesia
Lardil [lbz],-16.5,139.5,#A09171,Tangkic,,Australia
Larike [alo],-3.783,127.917,#354BA4,Malayo-Polynesian,Central Maluku,Indonesia
Lashi [lsi],26.05,98.5,#8CB9A1,Tibeto-Burman,Lolo-Burmese,Myanmar
Latvian [lav],56.8,24.1,#A69319,Indo-European,Balto-Slavic,Latvia
Lavukaleve [lvk],-9,159,#7E509B,Solomons East Papuan,,Solomons
Lele [lln],9.08,15.58,#4E6E8F,Afro-Asiatic,Chadic,Chad
Lelepa [lpa],-17.64,168.18,#366C99,Oceanic,Southern Oceanic,Vanuatu
Lembena [leq],-5.046,143.848,#B97E87,Trans New Guinea,Engan,Papua New Guinea
Lenakel [tnl],-19.583,169.083,#3D6188,Oceanic,Southern Oceanic,Vanuatu
Lepcha [lep],27,88.2,#A0CE91,Tibeto-Burman,Bodic,India
Leti [lti],-8.167,128.167,#30569B,Malayo-Polynesian,Southeast Maluku,Indonesia
Lewo [lww],-16.667,168.333,#374B9A,Oceanic,Southern Oceanic,Vanuatu
Lezgian [lez],41.58,47.78,#E39A6C,Nakh-Daghestanian,Lezgic,Russia
Lhasa_Tibetan [bod],29.65,91.14,#BBB3BB,Tibeto-Burman,Bodic,China
Lhomi [lhm],27.75,87.4,#B0A7AC,Tibeto-Burman,Bodic,Nepal
Liko [kbo],3.75,30.5,#4C5867,Nilo-Saharan,Central Sudanic,Sudan
Limbu [lif],27.167,87.75,#C07691,Tibeto-Burman,Kiranti,Nepal
Limilngan [lmc],-12.5,131.917,#803A92,Darwin,,Australia
Linda [liy],6,21,#2B7C9B,Adamawa-Ubangi,Ubangi,Central African Republic
Lingala [lin],1,18.5,#3D5578,Niger-Kongo,Bantoid,Democratic Republic of the Congo
Lisu [lis],19.5,98.75,#73C5AC,Tibeto-Burman,Lolo-Burmese,Myanmar
Lithuanian [lit],54.9,23.9,#B0812E,Indo-European,Balto-Slavic,Lithuania
Logba [lgq],6.9,0.45,#3F7C83,Niger-Kongo,Kwa,Ghana
Lokono [arw-2],6.07,-57.6,#885691,Arawak,,Guyana
Longgu [lgu],-9.75,160.75,#297456,Oceanic,Southeast Solomonic,Solomons
Loniu [los],-2.1,147.417,#2F71A0,Oceanic,Admiralties,Papua New Guinea
Lote [uvl],-5.6,151.9,#3F6F83,Oceanic,Western Oceanic,Papua New Guinea
Lozi [loz],-15,23,#565957,Niger-Kongo,Bantoid,Zambia
Lü [khb],22,100.67,#16E29B,Tai-Kadai,South,China
Luangiua [ojv],-5.417,159.65,#37A982,Oceanic,Central Pacific,Solomons
LuGanda [lug],0.5,32.17,#45535E,Niger-Kongo,Bantoid,Uganda
Luo [luo],-0.4,34.4,#434E61,Nilo-Saharan,East_Sudanic,Kenya
Lushootseed [lut],48,-122,#705043,Salish,Central,USA
Luvale [lue],-12,22,#395361,Niger-Kongo,Bantoid,Angola
Ma'ya [slz],-1.25,130.92,#3F7985,Malayo-Polynesian,Eastern Malayo-Polynesian,Indonesia
Maanyan [mhy],-2,115,#0D9C71,Malayo-Polynesian,Barito,Indonesia
Maasai [mas],-3,36,#6D6462,Nilo-Saharan,East_Sudanic,Tanzania
Maba [mde],13.75,20.83,#936889,Nilo-Saharan,Maban,Chad
Macedonian [mkd],41.6,22,#A69E17,Indo-European,Balto-Slavic,Macedonia
Macushi [mbc],4.5,-60,#AE556F,Cariban,Venezuelan,Brazil
Madi [mhi],3.45,31.17,#5184A1,Nilo-Saharan,Central_Sudanic,Uganda
Madimadi [xxx8],-34.5,143.5,#AF9760,Pama-Nyungan,Kulin,Australia
Madurese [mad],-7.25,113.333,#24BE66,Malayo-Polynesian,Malayo-Sumbawan,Indonesia
Magahi [mag],25,85,#E3AC57,Indo-European,Indo-Iranian,India
Magar [mgp],28,83,#CAAE99,Tibeto-Burman,Magar,Nepal
Mahali [mjx],22.85,87.1,#C38750,Austroasiatic,Munda,India
MaiBrat [ayz],-1.25,132.667,#2E7B94,West Papuan,Birds Head,Indonesia
Maidu [nmu],40,-120.67,#C76785,Maiduan,,USA
Mairasi [zrs],-3.5,134,#7B52B0,Tanah Merah-Mairasi,,Indonesia
Maisin [mbq],-9.5,149.167,#8832B5,Oceanic,Western Oceanic,Papua New Guinea
Maithili [mai],26.5,86,#C8B151,Indo-European,Indo-Iranian,India
Majhi [mjz],27.25,86.15,#DA9B5F,Indo-European,Indo-Iranian,Nepal
Mak [mkg],26,107.75,#24E18C,Tai-Kadai,South,China
Makah [myh],48.33,-124.67,#695B55,Wakashan,South,USA
Makasai [mkz],-8.5,126.5,#62A0AB,Timor-Alor-Pantar,Mainland,Timor leste
Makassar [mak],-5.417,119.583,#307055,Malayo-Polynesian,Greater South Sulawesi,Indonesia
Makhuwa-Enehara [vmw],-15,39,#515D77,Niger-Kongo,Bantoid,Mozambique
Mako [wpc],4.215,-65.742,#AB50A5,Sáliba-Piaroa,,Venezuela
Makua [vmw],-15,38,#456364,Niger-Kongo,Bantoid,Mozambique
Malagasy [bhr],-20,47,#408E4B,Malayo-Polynesian,Barito,Madagascar
MalakMalak [mpb],-13.417,130.417,#8C5F9D,Northern Daly,,Australia
Malay [zlm],3.13,101.68,#25AE6B,Malayo-Polynesian,Malayo-Sumbawan,Malaysia
Malayalam [mal],8.5,77,#D6C057,Dravidian,South,India
Malgana [vml],-26,115,#C3A886,Pama-Nyungan,Kardu,Australia
Mali [gcc],-4.833,152.25,#684886,Baining,,Papua New Guinea
Malto [kmj],25,87.333,#DDAE5F,Dravidian,North,India
Malvi [mup],23.1,75.785,#D0B250,Indo-European,Indo-Iranian,India
Mam [mvc],15.25,-92,#504C44,Mayan,Quiche-Mam,Guatemala
Mamainde [wmd],-13.5,-60,#813EB3,Nambikwara,,Brazil
Mamanwa [mmn],9.417,125.5,#3C7A5C,Malayo-Polynesian,Philippines,Philippines
Mambai [mgm],-8.75,125.42,#2AA1A9,Malayo-Polynesian,Timoric,Timor leste
Mambwe [mgr],-9,31,#3C5D6E,Niger-Kongo,Bantoid,Zambia
Manadonese [xmm],1.5,124.833,#2FB473,Malayo-Polynesian,Malayo-Sumbawan,Indonesia
Manam [mva],-4.083,145.083,#444F99,Oceanic,Western Oceanic,Papua New Guinea
Manange [nmm],28.667,84.08,#D2C79C,Tibeto-Burman,Bodic,Nepal
Manchu [mnc],45,125,#D98686,Tungusic,South,China
Mandan [mhq],46,-100,#A72EB2,Siouan,Western,USA
Mandarin_Beijing [cmn],40,116.75,#61D086,Tibeto-Burman,Sinitic,China
Mandinka [man],13,-15.67,#798F7D,Mande,Western,Senegal
Mandinka_Gambia [mnk],13,-15,#8A908E,Mande,Western,Gambia
Manggarai [mqy],-8.667,120.333,#19AD7E,Malayo-Polynesian,Flores-Sawu-Sumba,Indonesia
Manggarayi [mpc],-14.667,133.5,#8F4968,Gunwinyku,Mang,Australia
Mangseng [mbh],-5.975,150.667,#5D6FA8,Oceanic,,Papua New Guinea
Maninka [emk],13,-10,#889D8A,Mande,Western,Mali
Manobo_Western Bukidnon [mbb],7.667,124.833,#31864B,Malayo-Polynesian,Philippines,Philippines
Mansi [mns],62,62,#C08561,Uralic,Ugric,Russia
Manx [glv],56.2,-4.5,#908638,Indo-European,Celtic,Britain
Maonan [mmd],25,108.5,#31DA98,Tai-Kadai,South,China
Maori [mri],-39,176.5,#549272,Oceanic,Central Pacific,New Zealand
Mapudungun [arn],-36,-72,#816773,Araucanian,,Chile
Mara [mec],-15.1,135.2,#7C3B86,Mara-Warndarang-Alawa,,Australia
Maram [kha-3],25.52,91.27,#5DAB58,Austroasiatic,Khasic,India
Marathi [mar],18,74.5,#EBC14C,Indo-European,Indo-Iranian,India
Margany [zmc],-26.5,145,#C7AA6C,Pama-Nyungan,GreaterMari,Australia
Margi [mrt],11,13,#3D728E,Afro-Asiatic,Chadic,Nigeria
Maricopa [mrc],33.17,-113.17,#A129A5,Yuman-Cochimi,Yuman,USA
Marind [mrz],-8,140.5,#83498D,Marind,,Indonesia
Marquesan_Ua Pou [mrq],-9.33,-140,#659C58,Oceanic,,French Polynesia
Marshallese [mah],12.5,162.5,#2D827E,Oceanic,Micronesian,USA Federated States of Micronesia
Martuthunira [vma],-21,116.5,#A18964,Pama-Nyungan,Pilbara,Australia
Matbat [xmt],-2,130.33,#3567B6,Malayo-Polynesian,Eastern Malayo-Polynesian,Indonesia
Matengo [mgv],-11,34.67,#425D6D,Niger-Kongo,Bantoid,Tanzania
Matngele [zml],-13.833,130.417,#735D96,East Daly,,Australia
Mato [met],-5.891,146.849,#325CA8,Oceanic,,Papua New Guinea
Maung [mph],-11.917,133.5,#5B5D5C,Iwaidjan,,Australia
Maxakali [mbl],-18,-40,#8168A9,Macro-Je,Maxakalí,Brazil
Mbabaram [vmb],-16.85,144.8,#A4A891,Pama-Nyungan,,Australia
Mbaham [bdw],-3,132.5,#AB56BA,Trans New Guinea,Bomberai,Indonesia
Mehri [gdq],16,52,#89651F,Afro-Asiatic,Semitic,Yemen
Meitei [mni],24.75,94,#ACA6A8,Tibeto-Burman,Meitei,India
Mekeo [mek],-8.5,146.467,#6E3AAB,Oceanic,Western Oceanic,Papua New Guinea
Melanau [mel],4.4,114,#0E9168,Malayo-Polynesian,Malayo-Sumbawan,Malaysia
Memba [tsj-2],29,94.8,#B0C0A8,Tibeto-Burman,Bodic,India
Mende [men],8,-11.5,#6C7E8F,Mande,Western,Sierra Leone
Mende [sim],-3.713,142.709,#949CBA,Sepik,Nukuma,Papua New Guinea
Menya [mcr],-7.25,146,#953ABB,Trans New Guinea,Angan,Papua New Guinea
Meryam Mir [ulk],-9.92,144.08,#AAA582,Eastern Trans Fly,,Australia
Meteq [xem],0.7,110.5,#15A266,Malayo-Polynesian,Land Dayak,Indonesia
Meyah [mej],-1,133.667,#4962A4,East Bird's Head,,Indonesia
Mian [mpt],-4.667,141.25,#B85EB3,Trans New Guinea,Ok,Papua New Guinea
Mien [ium-5],24.583,112.267,#2CE297,Hmong-Mien,Mienic,China
Mien_Yao [ium],20.833,101.167,#38CCA8,Hmong-Mien,Mienic,Laos
Miji [sjl],27.54,92.6,#AFB7A2,Tibeto-Burman,Hrusish,India
Miju [mxj],28,97,#CD9CA9,Tibeto-Burman,Kaman,India
Milang [xxx22],28.6,94.5,#C4BCA2,Tibeto-Burman,Siangic,India
Mina [gej],6.6,1.5,#1EBA9E,Niger-Kongo,Kwa,Togo
Minangkabau [min],0,100.167,#219E73,Malayo-Polynesian,Malayo-Sumbawan,Indonesia
Miriwung [mep],-15.667,129,#AA4871,Jarrakan,,Australia
Mising [mrg],27.5,94.3,#BDAEAB,Tibeto-Burman,Tani,India
Miwok [skd],37.5,-120,#A45F51,Miwok,Eastern,USA
Mixtec [mim],17,-99,#396F50,Otomanguean,Mixtecan,Mexico
Miya [mkf],11,10,#466957,Afro-Asiatic,Chadic,Nigeria
Mizo [lus],23.167,92.833,#88B8B6,Tibeto-Burman,Kuki-Chin-Naga,India
Mlabri [mra],18.833,101,#30DD9A,Austroasiatic,Mlabri,Thailand
Mnar [pbv-2],25.9,91.58,#619D64,Austroasiatic,Khasic,India
Moghol [mhj],35,62,#B98F63,Mongolic,Western,Afghanistan
Mohave [mov],34.67,-114.58,#A43DAF,Yuman-Cochimi,Yuman,USA
Moken [mwt],11,98.5,#0CD1A4,Malayo-Polynesian,Malayo-Sumbawan,Myanmar
Mokilese [mkj],6.667,159.75,#248478,Oceanic,Micronesian,USA Federated States of Micronesia
Momu [fqs],-3.167,141.667,#A66092,Kwomtari,,Papua New Guinea
Mon [mnw],15,100,#18DE9E,Austroasiatic,Mon,Thailand
Mongguor [mjg],36,102,#C79F73,Mongolic,Eastern,China
Mongolian [mon],50,104,#D29083,Mongolic,Eastern,Mongolia
Moni [mnz],-3.583,136.833,#CB439B,Trans New Guinea,Wissel Lakes,Indonesia
Mono [mnr],38,-119,#A45675,Uto-Aztecan,North,USA
Montagnais [moe],52,-65,#77347F,Algic,Algonquian,Canada
Mor [mhz],-2.917,135.75,#456397,Malayo-Polynesian,Eastern Malayo-Polynesian,Indonesia
Mor [moq],-2.833,132.75,#6741B4,Mor,,Indonesia
Motu [meu],-9.5,147.25,#5C6094,Oceanic,Western Oceanic,Papua New Guinea
Motuna [siw],-6.617,155.417,#A749AC,East Bougainville,,Papua New Guinea
Mpur [akc],-0.833,133,#2D80A8,West Papuan,Birds Head,Indonesia
Mru [mro-2],21.45,92.5,#69B8A3,Tibeto-Burman,Mru,Bangladesh
Muak Sa-aak [ukk],21.183,100.367,#0EC39C,Austroasiatic,Palaungic,Myanmar
Mualang [mtd],0.8,111,#1FA673,Malayo-Polynesian,Malayo-Sumbawan,Indonesia
Mudukumo [bwm],-4.367,143.867,#B7A39D,Yuat,,Papua New Guinea
Muk-Thang [xxx-95],-37.75,149,#A46F6F,Pama-Nyungan,,Australia
Mulao [mlm],24.25,109,#25E490,Tai-Kadai,South,China
Muna [mnb-2],-5,122.417,#226663,Malayo-Polynesian,Celebic,Indonesia
Mundang [mua],10.1,14.45,#38857A,Adamawa-Ubangi,Adamawa,Chad
Mundari [unr],24,86.167,#9F7B68,Austroasiatic,Munda,India
Murinbata [mwf],-14.667,129.667,#784D81,Southern Daly,,Australia
Murle [mur],6,33.75,#666F64,Nilo-Saharan,East_Sudanic,Sudan
Muruwari [zmu],-29,146.75,#B98264,Pama-Nyungan,Central New South Wales,Australia
Mussau [emi],-1.5,149.667,#315E6A,Oceanic,StMatthias,Papua New Guinea
Mustang [loy],29.18,83.96,#C9BDB0,Tibeto-Burman,Bodic,Nepal
Mutsun [css-2],36.83,-121.5,#8E5A4D,Yok-Utian,Costanoan,USA
Mwani [wmw],-12.15,40.57,#425A67,Niger-Kongo,Bantoid,Mozambique
Mwera [mwe],-10,39,#435A6A,Niger-Kongo,Bantoid,Tanzania
Mwotlap [mlv],-13.7,167.63,#3B6A98,Oceanic,Southern Oceanic,Vanuatu
Na [nbf-2],27.2,101,#7AB2BC,Tibeto-Burman,Naxi,China
Nahali [nlx],24,77.5,#BBB072,Nahali,,India
Nahavaq [sns],-16.53,167.123,#2B5885,Oceanic,Southern Oceanic,Vanuatu
Nahu [rwo-2],-6.05,146.25,#9A5EB5,Trans New Guinea,Finisterre-Huon,Papua New Guinea
Nakanai [nak],-5.5,150.833,#226B75,Oceanic,Western Oceanic,Papua New Guinea
Nakkara [nck],-12.117,134.417,#7B3985,Maningrida,,Australia
Nama [naq],-23.5,22,#8E7D65,Khoe,Khoe,Botswana
Namakir [nmk],-17,168.583,#2D7192,Oceanic,Southern Oceanic,Vanuatu
Nanchang [gan],28.7,115.9,#5AD891,Tibeto-Burman,Sinitic,China
Nancowry [ncb],8,93.5,#58AD56,Austroasiatic,Nicobar,India
Nandi [kln],0.25,35,#72486C,Nilo-Saharan,Nilotic,Kenya
Nankina [nnk],-5.75,146.5,#A262B8,Trans New Guinea,Finisterre-Huon,Papua New Guinea
Nar_Phu [npa],28.68,84.2,#BFB8B1,Tibeto-Burman,Bodic,Nepal
Nara [nrz-2],-8.92,146.67,#566A9D,Oceanic,,Papua New Guinea
Nasioi [nas],-6.333,155.583,#DA49A2,East Bougainville,,Papua New Guinea
Navajo [nav],36.17,-108,#6E3C82,Dene-Yeniseic,Na-Dene,USA
Ndebele [nbl],-20,28.5,#556E5B,Niger-Kongo,Bantoid,Zimbabwe
Ndjébbana [djj],-12.167,134.117,#8F428A,Maningrida,,Australia
Ndonga [ndo],-18,17,#4F5451,Niger-Kongo,Bantoid,Namibia
Nen [nqn],-8.6,142.1,#A25D82,South New Guinea,,Papua New Guinea
Nend [anh],-4.25,144.917,#AB62A9,Trans New Guinea,Madang,Papua New Guinea
Nenets [yrk],70,76,#C3845C,Uralic,Samoyedic,Russia
Neo-Aramaic [trg],36.2,43.75,#866F33,Afro-Asiatic,Semitic,Iraq
Nepali [nep],28.72,82,#E3BD57,Indo-European,Indo-Iranian,Nepal
Nepali_hill [nep-2],28,84.33,#CECD7B,Indo-European,Indo-Iranian,Nepal
Nevome [ood-2],19,-98.25,#8E4879,Uto-Aztecan,South,Mexico
Newar_Kathmandu [new],27.5,85.333,#C59A99,Tibeto-Burman,Newaric,Nepal
Newari_Dolakha [new-2],27.58,86.667,#C5B6A1,Tibeto-Burman,Newaric,Nepal
Nez Perce [nez],46,-117,#9D4A46,Sahaptian,,USA
Ngaanyatjarra [ntj],-26,125,#BB6C9B,Pama-Nyungan,Western Desert,Australia
Ngadha [nxg],-8.833,121,#21B177,Malayo-Polynesian,Flores-Sawu-Sumba,Indonesia
Ngadjunmaya [nju],-32,123.5,#AE8F96,Pama-Nyungan,Western bight,Australia
Ngalakgan [nig],-14.5,134.833,#8C4189,Gunwinyku,Bak,Australia
Nganasan [nio],71,93,#B66D73,Uralic,Samoyedic,Russia
Ngandi [nid],-13.5,135,#AF367F,Gunwinyku,Bak,Australia
Ngankikurungkurr [nam-2],-14,130.5,#915782,Southern Daly,,Australia
Ngarinyeri [nay],-35.6,139.1,#CE707D,Pama-Nyungan,,Australia
Ngarinyin [ung],-16.25,126.5,#6F6694,Wororan,,Australia
Ngarla [nlr],-20.33,119.5,#B19189,Pama-Nyungan,Pilbara,Australia
Ngawun [nxn],-19.5,141.5,#B7A75C,Pama-Nyungan,Mayi,Australia
Ngbaka [nga],4.25,21.17,#3D9093,Adamawa-Ubangi,Ubangi,Democratic Republic of the Congo
Nggem [nbq],-3.67,138.814,#A234D6,Trans New Guinea,Dani,Indonesia
Ngiti [niy],1.33,30.25,#725D71,Nilo-Saharan,Lendu,Democratic Republic of the Congo
Ngiyambaa [wyb],-31.75,145.5,#B27E6C,Pama-Nyungan,Central New South Wales,Australia
Nguna [llp],-17.5,168.333,#375085,Oceanic,Southern Oceanic,Vanuatu
Ngwe [nwe ],5.488,9.856,#3D7C7C,Niger-Kongo,Bantoid,Cameroon
Nhanda [nha],-27.5,114.75,#AE9678,Pama-Nyungan,Kardu,Australia
Nias [nia],1,97.5,#397951,Malayo-Polynesian,Batak-Barrier Islands,Indonesia
Nimadi [hin-2],22,76,#E7B652,Indo-European,Indo-Iranian,India
Nimboran [nir],-3.083,140.167,#934DCE,Trans New Guinea,Nimboran,Indonesia
Nisenan [nsz],39.33,-120.83,#BD8295,Maiduan,,USA
Nisgha [ncg],55,-130,#574E61,Tsimshian,,Canada
Nishi [dap],27.7,94.2,#AA8F9E,Tibeto-Burman,Tani,India
Niue [niu],-19,-169.5,#2F945C,Oceanic,Central Pacific,Niue
Nivkh [niv],53.333,142,#9979AE,Chukotko-Kamchatkan,Nivkh,Russia
Nkore-Kiga [cgg],-0.92,29.83,#306D6D,Niger-Kongo,Bantoid,Uganda
Nobiin [fia],21,31,#CB5093,Nilo-Saharan,Nubian,Sudan
Nocte [njb],27,95.5,#AE90B8,Tibeto-Burman,Konyak,India
Nonthaburi Malay [xxx-20],13.92,100.4,#10CD95,Malayo-Polynesian,Malayo-Sumbawan,Thailand
Norwegian [nob],62,8,#8EC225,Indo-European,Germanic,Norway
Nuaulu [nxl],-3.25,129.083,#495A8E,Malayo-Polynesian,Central Maluku,Indonesia
Nubi [kcn],0.6,32.55,#46986F,Afro-Asiatic,Semitic,Uganda
Nubian [kzh],12.5,31,#B86479,Nilo-Saharan,East_Sudanic,Sudan
Nubri [kte],28.64,84.61,#BFADAA,Tibeto-Burman,Bodic,Nepal
Nubri_lower [kte-2],28.53,84.79,#C499A6,Tibeto-Burman,Bodic,Nepal
Nukna [klt],-6.02,146.97,#A362A4,Trans New Guinea,Finisterre-Huon,Papua New Guinea
Nung [nut],21.917,106.5,#20C094,Tai-Kadai,South,Vietnam
Nunggubuyu [nuy],-13.75,135.667,#865173,Gunwinyku,Bak,Australia
Nyaheun [nev],15,107,#1BD5B5,Austroasiatic,Bahnaric,Laos
Nyahkur [cbn],15.67,101.67,#1ED9A2,Austroasiatic,Mon,Thailand
Nyangumarta [nna],-20,121,#B37564,Pama-Nyungan,Marngu,Australia
Nyawaygi [nyt],-19,145.9,#AB8786,Pama-Nyungan,Dyirbalic,Australia
Nyoro [nyo],1.5,31,#425A5A,Niger-Kongo,Bantoid,Uganda
Nyulnyul [nyv],-17,123,#7D5B5B,Nyulnyul,West,Australia
Nyungar [nys],-33.75,116,#B9AC91,Pama-Nyungan,South-west,Australia
Nzadi [xxx-48],-4.05,19.65,#4B6D74,Niger-Kongo,Bantoid,Democratic Republic of the Congo
O'odham [ood],32,-112,#755557,Uto-Aztecan,South,USA
Obokwi [afz],-2.767,138,#75ABBB,Lakes Plains,Eastern,Indonesia
Ogami [mvi],24.9,125.3,#CA9A94,Japonic,Ryukyuan,Japan
Oirata [oia],-8.083,127.167,#728EC6,Timor-Alor-Pantar,Mainland,Indonesia
Ojibwe [ojg],49,-92.5,#702943,Algic,Algonquian,Canada
Olekha [ole],27.2,90,#D0BF95,Tibeto-Burman,Black Mountain,Bhutan
Olo [ong],-3.25,142.167,#4674A5,Torricelli,Wapei,Papua New Guinea
Oma Longh [ulu],3.25,116.5,#2A726E,Malayo-Polynesian,North Borneo,Malaysia
Omaha [oma],42,-97.25,#5D3AAC,Siouan,Western,USA
One [aun],-3.417,141.833,#7C7E89,Torricelli,West Wapei,Papua New Guinea
Oneida [one],43,-75.67,#603C61,Iroquoian,Northern,USA
Ong Be [onb],19.8,110,#12E49F,Tai-Kadai,South,China
Onge [oon],10.75,92.5,#AF8093,Andaman,,India
Onin [oni],-2.833,132.083,#3B81B3,Malayo-Polynesian,North Bomberai,Indonesia
Oraon [kru],25.75,88.75,#CF816F,Dravidian,North,Bangladesh
Ordos [mvf],39,109,#CF966A,Mongolic,Eastern,China
Oriya [ori],21,85,#D8BC4E,Indo-European,Indo-Iranian,India
Ormuri_Khaniguram [oru-2],32.52,70,#BB9736,Indo-European,Indo-Iranian,Pakistan
Ormuri_Logar [oru],33.25,69.5,#B8913A,Indo-European,Indo-Iranian,Afghanistan
Oromo [hae],9,37,#8F7A6B,Afro-Asiatic,Cushitic,Ethiopia
Osage [osa],37,-94,#904CA6,Siouan,Western,USA
Ossetian [oss],42.24,44,#C17D4F,Indo-European,Indo-Iranian,Georgia
Ostyak [kca-2],61,75,#B89465,Uralic,Ugric,Russia
Otomi [otm],21,-99.5,#43674A,Otomanguean,Otopamean,Mexico
P'urhépecha [tsz],19,-102,#9E6F65,P'urhépecha,,Mexico
Paamese [pma],-16.5,168.333,#3E4A88,Oceanic,Southern Oceanic,Vanuatu
Pacoh [pac],16.42,107.08,#2ACC6D,Austroasiatic,Katuic,Vietnam
Paez [pbb],3,-76,#D46E8A,Paez,,Colombia
Pagu [pgu],1.1,127.7,#435CA9,West Papuan,North Halmahera,Indonesia
Paiute_Northern [pao],40.75,-118,#AA4F7F,Uto-Aztecan,North,USA
Paiwan [pwn],22.333,120.833,#59754B,Austronesian,Paiwanic,Taiwan
Palauan [pau],7.167,134.5,#3C7158,Malayo-Polynesian,Palauan,Palau
Palaung [plw],22.667,96.4,#21D181,Austroasiatic,Palaungic,Myanmar
Palawan [plc],9.5,118.5,#35766D,Malayo-Polynesian,Philippines,Philippines
Palue [ple],-8.333,121.75,#2EAC76,Malayo-Polynesian,Flores-Sawu-Sumba,Indonesia
Palula [phl],35.4,71.75,#DEAD49,Indo-European,Indo-Iranian,Pakistan
Panare [pbh],6.733,-66.049,#A1378F,Cariban,Venezuelan,Venezuela
Pangasinan [pag],15.917,120.333,#4E7050,Malayo-Polynesian,Philippines,Philippines
Panyjima [pnw],-22.833,118,#C68069,Pama-Nyungan,Pilbara,Australia
Pare [asa],-4,36.5,#325B55,Niger-Kongo,Bantoid,Tanzania
Pashto [pst],35,65,#B58843,Indo-European,Indo-Iranian,Afghanistan
Passamaquoddy-Maliseet [pqm],45,-67,#713759,Algic,Algonquian,USA
Patpatar [gfk],-3.67,152.5,#4A665E,Oceanic,,Papua New Guinea
Pattani [lae],32.6,77.2,#CEBA80,Tibeto-Burman,Western Himalayan,India
Paulohi [plh],-3.3,128.8,#2656A0,Malayo-Polynesian,Central Maluku,Indonesia
Paumarí [pad],-7,-64.5,#87516E,Arawá,,Brazil
Pawaian [pwa],-7,145.25,#A27FB3,Trans New Guinea,Pawaian,Papua New Guinea
Pech [pay],15,-85.5,#AD5D96,Chibchan,East,Honduras
Pendau [ums],0,119.83,#3E7868,Malayo-Polynesian,Celebic,Indonesia
Pima Bajo [pia],29,-111,#A46B64,Uto-Aztecan,South,Mexico
Pingjiang [gan-6],28.76,113.67,#4ED89A,Tibeto-Burman,Sinitic,China
Pipil [ppl],13.85,-89.55,#603D3E,Uto-Aztecan,South,El Salvador
Pirahã [myp],-7.33,-62,#716CB9,Mura,,Brazil
Pitjantjatjara [pjt],-26.833,130,#BB66AA,Pama-Nyungan,Western Desert,Australia
Pitta-Pitta [pit],-23.5,121,#BC7267,Pama-Nyungan,Karnic,Australia
Pitu Ulunna Salu [ptu],-3.083,119.083,#346572,Malayo-Polynesian,Greater South Sulawesi,Indonesia
Plang [blr-2],23.4,100.1,#1BCF94,Austroasiatic,Palaungic,China
Pnar [pbv],25,92.5,#50A94E,Austroasiatic,Khasic,India
Polish [pol],52,20,#A89813,Indo-European,Balto-Slavic,Poland
Pomo_Eastern [peb],39,-122.67,#C28AAB,Pomoan,Eastern,USA
Pomo_Southeastern [pom],38.83,-122.5,#CA8287,Pomoan,Southeastern,USA
Ponapean [pon],6.883,158.25,#308070,Oceanic,Micronesian,USA Federated States of Micronesia
Portuguese [por],39,-8,#75A025,Indo-European,Romance,Portugal
Pulaar [fuc],15.6,-15.2,#475670,Niger-Kongo,Atlantic,Senegal
Puluwat [puw],7.333,149.333,#33916E,Oceanic,Micronesian,USA Federated States of Micronesia
Pumi [pmi],28,101,#9CA3BC,Tibeto-Burman,Qiangic,China
Punjabi [pan],31,75,#D3C63C,Indo-European,Indo-Iranian,India
Purik [prx],34.55,76.15,#D9B0A2,Tibeto-Burman,Bodic,India
Puroik [suv],28,93,#A1C1BA,Tibeto-Burman,Tani,India
Puxi [jih],32.45,101.55,#96A3A5,Tibeto-Burman,Qiangic,China
Puyuma [pyu],22.833,121.083,#4A7955,Austronesian,Puyuma,Taiwan
Qawésqar [alc],-50,-75,#977B91,Alaculufan,,Chile
Qiandong_Hmong [hmq],26.67,108.32,#22D999,Hmong-Mien,Hmongic,China
Qiang [qxs],30.9,103.85,#B3909B,Tibeto-Burman,Qiangic,China
Quechan [yum],32.83,-114.33,#AD3AAD,Yuman-Cochimi,Yuman,USA
Quechua_Cusco  [quz],-13.5,-72,#D67776,Quechuan,II-C,Peru
Quechua_Huallaga [qvh],-6,-76,#C5666B,Quechuan,I,Peru
Quechua_Imbabura [qvi],0.33,-78.33,#C77F53,Quechuan,II-B,Ecuador
Quechua_Yauyos [qvi-2],-12.62,-75.7,#C46E6E,Quechuan,I,Peru
Quileute [qui],47.925,-124.25,#7C4E40,Chimakuan,,USA
Rabha [rah],26.1,90.25,#C8B18E,Tibeto-Burman,Bodo-Garo,India
Rajasthani [raj],26.57,73.43,#D2C040,Indo-European,Indo-Iranian,India
Rajbangshi [rjs],26.5,88.5,#E4A74D,Indo-European,Indo-Iranian,India
Raji [rji],29,81.15,#B68EA6,Tibeto-Burman,Western Himalayan,Nepal
Rama [rma],11.5,-83.9,#957F8E,Chibchan,East,Nicaragua
Ramoaaina [rai],-4.17,152.42,#25745A,Oceanic,,Papua New Guinea
Rana_Tharu [thr],28.68,80.6,#C7A05C,Indo-European,Indo-Iranian,Nepal
Rapa_Nui [rap],-27.333,-110,#49966C,Oceanic,Central Pacific,Chile
Ratahan [rth-2],1.08,124.83,#387C5B,Malayo-Polynesian,Philippines,Indonesia
Raute [rau],28.6,81.5,#CC947F,Tibeto-Burman,Western Himalayan,Nepal
Rawa [rwo],-5.833,145.917,#B75DA3,Trans New Guinea,Finisterre-Huon,Papua New Guinea
Rawang [raw],27.5,97.5,#7BCDA3,Tibeto-Burman,Nungish,Myanmar
Rawo-Poko [rwa],-2.8,141.583,#4F65B5,Skou,Central,Papua New Guinea
Remo [bfw],18.333,82.333,#D28B83,Austroasiatic,Munda,India
Rennellese [mnv],-11.85,160.33,#528952,Oceanic,Central Pacific,Solomons
Rgyalthang [khg-7],27.833,99.7,#C9B2A7,Tibeto-Burman,Bodic,China
Riff [rif],34,-3.75,#575932,Afro-Asiatic,Berber,Morocco
Ritharngu [rit],-12.833,135.5,#BF607B,Pama-Nyungan,Yolngu,Australia
Rohingya [rhg],20.82,92.37,#D6AE54,Indo-European,Indo-Iranian,Myanmar
Roma [rmm],-7.2,128.583,#3C6C92,Malayo-Polynesian,Southeast Maluku,Indonesia
Romanian [ron],45,27,#91971C,Indo-European,Romance,Romania
Romansh [roh],46.8,9.4,#8EA31F,Indo-European,Romance,Switzerland
Ronga [rng],-26,32.5,#606940,Niger-Kongo,Bantoid,Mozambique
Rongpo [rnp],30.917,79.5,#DDC07B,Tibeto-Burman,Western Himalayan,India
Roro [rro],-8.75,146.58,#564AC4,Oceanic,Western Oceanic,Papua New Guinea
Rote [twu],-10.75,123.25,#306171,Malayo-Polynesian,Timoric,Indonesia
Rotokas [roo],-6,155.17,#845B7D,West Bougainville,,Papua New Guinea
Rotuman [rtm],-12.333,177,#286667,Oceanic,Central Pacific,Fiji
Rukai [dru],22.833,120.833,#4D6D59,Austronesian,Rukai,Taiwan
Runyankore [nyn],-0.5,30.5,#38656B,Niger-Kongo,Bantoid,Uganda
Russian [rus],55,38,#A19900,Indo-European,Balto-Slavic,Russia
Rvmøl [raw-2],27.1,97.07,#B091B6,Tibeto-Burman,Nungish,Myanmar
Saa [apb],-9.5,161.583,#28567D,Oceanic,Southeast Solomonic,Solomons
Sabanê [sae],-12,-60,#9053B8,Nambikwara,,Brazil
Sadu [xxx-63],24.35,102.525,#71D5B5,Tibeto-Burman,Lolo-Burmese,China
Sahu [saj],1,127.417,#32738C,West Papuan,North Halmahera,Indonesia
Saliba [sbe],-10.667,150.75,#56609C,Oceanic,Western Oceanic,Papua New Guinea
Salinan [sln],36,-121,#6C3762,Salinan,,USA
SaltYui [sll],-6.283,145,#936FB6,Trans New Guinea,Chimbu,Papua New Guinea
Sami [sme],70,28,#B8A64B,Uralic,Sami,Finland
Samoan [smo],-14,-172.667,#4A9080,Oceanic,Central Pacific,Samoa
Sandawe [sad],-5,35,#946494,Khoe,Khoe,Tanzania
Sangir [sxn],3.58,125.75,#4D806F,Malayo-Polynesian,Philippines,Indonesia
Sango [sag],5,18,#31B18F,Adamawa-Ubangi,Ubangi,Central African Republic
Saniyo-Hiyewe [sny],-4.589,142.315,#7949BC,Sepik,Sepik Hill,Papua New Guinea
Santa [sce],36.725,104.05,#B9B17E,Mongolic,Eastern,China
Santali [sat],24.5,87,#C38750,Austroasiatic,Munda,India
Sanuma [xsu],4,-64,#8B94A9,Yanomami,,Venezuela
Saptariya Tharu [thq],26.6,86.7,#C9B167,Indo-European,Indo-Iranian,Nepal
Sapuan [spu],15.333,106.833,#28E988,Austroasiatic,Bahnaric,Laos
Sara-Ngambay [sba],8.67,16,#567FA5,Nilo-Saharan,Central_Sudanic,Chad
Sarcee [srs],52.5,-116,#834C86,Dene-Yeniseic,Na-Dene,Canada
Sardinian [sro],40,9,#8D9A1F,Indo-European,Romance,Italy
Sartang [onp],27.33,92.27,#CDACC1,Kho-Bwa,Sherdukpen-Sartang,India
Sasak [sas],-8.67,116.5,#1F9469,Malayo-Polynesian,Malayo-Sumbawan,Indonesia
Sauria Paharia [mjt],24.3,88.9,#DDAE60,Dravidian,North,Bangladesh
Savosavo [svs],-9.167,159.833,#737985,Solomons East Papuan,,Solomons
Sawu [hvn],-10.5,122,#3B855D,Malayo-Polynesian,Flores-Sawu-Sumba,Indonesia
Scots English [sco],56,-3.25,#7CA71C,Indo-European,Germanic,Britain
Scots Gaelic [gla],57,-5,#8A7E25,Indo-European,Celtic,Britain
Sedang [sed],14.667,108,#18D68D,Austroasiatic,Bahnaric,Vietnam
Seediq [trv],24.167,121.417,#516F69,Austronesian,Atayalic,Taiwan
Sekar [skz],-2.7,132.43,#4978A5,Malayo-Polynesian,North Bomberai,Indonesia
Seke [skj],29,83.91,#C0C4B6,Tibeto-Burman,Bodic,Nepal
Selaru [slu],-8.25,130.917,#285087,Malayo-Polynesian,Southeast Maluku,Indonesia
Selknam [ona],-54.45,-67.15,#77697F,Chonan,,Argentina
Selkup [sel],65,82,#D07474,Uralic,Samoyedic,Russia
Semelai [sza],3,102.5,#40A65E,Austroasiatic,Aslian,Malaysia
Sentani [set],-2.583,140.633,#9848AA,Trans New Guinea,Sentani,Indonesia
Sepik Iwam [iws],-4.228,142.121,#A77395,Sepik,Iwam,Papua New Guinea
Serbian [srp],45,20,#AA9D17,Indo-European,Balto-Slavic,Serbia
Seri [sei],29,-112.5,#781EA5,Seri,,Mexico
Serrano [ser],34.33,-117,#B6717D,Uto-Aztecan,North,USA
Sesotho [sot],-28,27,#506550,Niger-Kongo,Bantoid,South Africa
Shan [shn],22,98,#37E286,Tai-Kadai,South,Myanmar
Shanghai [wuu],31,121,#59EF78,Tibeto-Burman,Sinitic,China
Shasta [sht],41.83,-122.67,#76248D,Shasta,,USA
Shawnee [sjw],40,-83,#B3257B,Algic,Algonquian,USA
She [shx],23.04,114.93,#40D799,Hmong-Mien,Hmongic,China
Shekhawati [swv],28.3,74.95,#E3BD41,Indo-European,Indo-Iranian,India
Sheko [she],7,35.5,#BE8282,Afro-Asiatic,Omotic,Ethiopia
Sherdukpen [sdp],27.2,92.4,#C5B0AB,Kho-Bwa,Sherdukpen-Sartang,India
Sherpa [xsr],27.833,86.833,#B2C7AE,Tibeto-Burman,Bodic,Nepal
Sherpa_Hile [xsr-2],27.675,86.71,#CEB7AB,Tibeto-Burman,Bodic,Nepal
Shigatse [bod-6],29.26,88.88,#D2C0A1,Tibeto-Burman,Bodic,China
Shina [scl],36,74,#DEAC59,Indo-European,Indo-Iranian,Pakistan
Shipibo [shp],-7,-75,#BE798D,Panoan,Main,Peru
Shona [sna],-18,31,#49675F,Niger-Kongo,Bantoid,Zimbabwe
Shoshone [shh],41,-115.5,#B7608C,Uto-Aztecan,North,USA
Shuswap [shs],52,-120,#7D444C,Salish,Interior,Canada
Siane [snp],-6.05,145.25,#BE52A1,Trans New Guinea,Gorokan,Papua New Guinea
Siberian Yupik [ess],65,-175,#C2598E,Eskimo-Aleut,Eskimo,Russia
Sierra Popoluca [poi],18.23,-94.87,#8B3D7F,Totozoquean-Chitimacha,Totozoquean,Mexico
Sika [ski],-8.62,122.22,#328596,Malayo-Polynesian,Timoric,Indonesia
Simalur [smr],2.333,96.5,#1F775E,Malayo-Polynesian,Batak-Barrier Islands,Indonesia
Sinaugoro [snc],-9.833,147.917,#594DA0,Oceanic,Western Oceanic,Papua New Guinea
Sindhi [snd],26,69,#DAAE38,Indo-European,Indo-Iranian,Pakistan
Sinhalese [sin],7,81,#CCBA63,Indo-European,Indo-Iranian,Sri Lanka
Sirohi [gdx],24.9,72.85,#DDB93D,Indo-European,Indo-Iranian,India
Siroi [ssd],-5.5,146,#9576B6,Trans New Guinea,Madang,Papua New Guinea
Sisiqa [bbq],-7.133,157,#2E6B5F,Oceanic,Western Oceanic,Solomons
SiSwati [ssw],-27,32,#5E694D,Niger-Kongo,Bantoid,Swaziland
Siuslaw [sis],44,-124,#8F6040,Oregon Coast,,USA
Skou [skv],-2.667,140.917,#6E5EB3,Skou,West,Indonesia
Slave [xsl],60,-120,#715397,Dene-Yeniseic,Na-Dene,Canada
Slovene [slv],46,14.5,#ADA510,Indo-European,Balto-Slavic,Slovenia
Sm'algyax [tsi],52.5,-129,#6A6D5D,Tsimshian,,USA
So [teu],2.5,34.75,#6A6B5F,Nilo-Saharan,East_Sudanic,Uganda
So [xxx-60],17.333,104.333,#14C19A,Austroasiatic,Bahnaric,Thailand
Sobei [sob],-1.917,138.75,#3B6998,Oceanic,Western Oceanic,Indonesia
Soboyo [tlv],-1.83,124.92,#418C96,Malayo-Polynesian,Central Maluku,Indonesia
Solega [sle],12.2,76.5,#EC8085,Dravidian,South,India
Somali [som],7,47,#6E5874,Afro-Asiatic,Cushitic,Somalia
Soninke [snk],13.25,-14.25,#768A92,Mande,Western,Senegal
Sonsorol [sov],4.5,132.083,#2D9168,Oceanic,Micronesian,Palau
Soqotri [sqt],12.5,54,#7F5D23,Afro-Asiatic,Semitic,Yemen
Sora [srb],20,84.333,#B56774,Austroasiatic,Munda,India
Sorbian [dsb],52,13.75,#BA9424,Indo-European,Balto-Slavic,Germany
Sotho_South [sot-2],-30,28,#4E5F55,Niger-Kongo,Bantoid,Lesotho
Sougb [mnx],-1.5,134,#6075A0,East Bird's Head,,Indonesia
Souw Amana Teru [tlu],-3.58,128.3,#516789,Malayo-Polynesian,Central Maluku,Indonesia
Spanish [spa],41.65,-4.75,#7F860D,Indo-European,Romance,Spain
Spanish_spoken [spa-2],39,-3,#7E8215,Indo-European,Romance,Spain
Spiti [bod-2],32.75,77.75,#D7BF79,Tibeto-Burman,Bodic,India
Squamish [squ],49.67,-123.17,#74453C,Salish,Central,Canada
Sre [kpm],11.5,108,#0ED984,Austroasiatic,Bahnaric,Vietnam
Stieng [sti],12,107,#23DD8C,Austroasiatic,Bahnaric,Vietnam
Sudest [tgo],-11.5,153.5,#315280,Oceanic,Western Oceanic,Papua New Guinea
Suena [sue],-7.75,147.5,#A480A0,Trans New Guinea,Binanderean,Papua New Guinea
Sui [swi],26.25,107.5,#24CB95,Tai-Kadai,South,China
Suki [sui],-8,141.83,#BF7B89,Trans New Guinea,Suki-Gogodala,Papua New Guinea
Sukuma [suk],-3.234,33.516,#476066,Niger-Kongo,Bantoid,Tanzania
Sula [szn],-2.06,125.98,#277CB3,Malayo-Polynesian,,Indonesia
Sulka [sua],-5.083,152,#485D8E,Sulka,,Papua New Guinea
Sumbawa [smw],-8.583,117.5,#1C9066,Malayo-Polynesian,Malayo-Sumbawan,Indonesia
Sundanese [sun],-7,107.5,#17B86F,Malayo-Polynesian,Malayo-Sumbawan,Indonesia
Sunwar [suz],27.6,86.3,#CE89A1,Tibeto-Burman,Kiranti,Nepal
Supyire [spp],11.5,-5.58,#629B62,Niger-Kongo,Gur,Mali
Surgujia [sgj],23.12,82.9,#E7BA51,Indo-European,Indo-Iranian,India
Surin Khmer [kxm],15,103.75,#14D5A2,Austroasiatic,Khmer,Thailand
Sursurunga [sgz],-4,152.83,#336D60,Oceanic,,Papua New Guinea
Swahili [swh],-6.5,39,#4A5561,Niger-Kongo,Bantoid,Tanzania
Swedish [swe],60,15,#87B620,Indo-European,Germanic,Sweden
Taba [mky],0.333,127.583,#2E7F90,Malayo-Polynesian,Eastern Malayo-Polynesian,Indonesia
Tabar [tbf],-2.8,152,#25666D,Oceanic,,Papua New Guinea
Tabla [tnm],-2.417,140.333,#B457A7,Trans New Guinea,Sentani,Indonesia
Tadaksahak [dsq],16.58,2.83,#6B5D71,Nilo-Saharan,Songhai,Mali
Tafi [tcd],6.8,0.4,#4D7A97,Niger-Kongo,Kwa,Ghana
Tagalog [tgl],14.75,121,#4A775E,Malayo-Polynesian,Philippines,Philippines
Tagbanwa_Aborlan [tbw],9,118,#3F786A,Malayo-Polynesian,Philippines,Philippines
Tahitian [tah],-17.667,-149,#417873,Oceanic,Central Pacific,French Polynesia
Tai Aiton [aio],26.95,94.67,#24CAA1,Tai-Kadai,South,India
Tairora [tbg],-6.583,145.917,#C54D9C,Trans New Guinea,Kainantu,Papua New Guinea
Tairuma [uar],-7.96,145.77,#97A8A3,Trans New Guinea,Eleman,Papua New Guinea
Tajik [tgk],38.667,70,#99A344,Indo-European,Indo-Iranian,Tajikistan
Takelma [tkm],42.5,-123,#A14084,Takelma,,USA
Takia [tbc],-4.75,146,#466199,Oceanic,Western Oceanic,Papua New Guinea
Talaud [tld],4,126.67,#3E8072,Malayo-Polynesian,Philippines,Indonesia
Talysh [tly],39,48.85,#CC7F5E,Indo-European,Indo-Iranian,Iran
Tamambo [mla],-15.7,167.2,#416274,Oceanic,Southern Oceanic,Vanuatu
Tamang [tge],27.67,85.5,#BFC8AC,Tibeto-Burman,Bodic,Nepal
Tamang_Eastern [taj],27.6,85.75,#C5D2AA,Tibeto-Burman,Bodic,Nepal
Tamang_Western [tdg],27.98,85.17,#B8D0A5,Tibeto-Burman,Bodic,Nepal
Tamazight [tzm],33,-4,#694E3D,Afro-Asiatic,Berber,Morocco
Tamiang [zlm3],4.27,97.87,#24AD66,Malayo-Polynesian,Malayo-Sumbawan,Indonesia
Tamil [tam],13,79,#EA7D6E,Dravidian,South,India
Tamil_Tirunelveli [kev],8.71,77.76,#E78A64,Dravidian,South,India
Tanacross [tcb],63.5,-143.5,#763C8E,Dene-Yeniseic,Na-Dene,USA
Tanglapui [tpg],-8.3,125,#5F54CE,Timor-Alor-Pantar,Alor-Pantar,Indonesia
Tarahumara [tar],27.5,-107.5,#B34474,Uto-Aztecan,South,Mexico
Taraon [tro],28.2,96.25,#C4C1A1,Tibeto-Burman,Tani,India
Tariana [tae],0.3,-69.7,#BA5391,Arawak,North,Brazil
Tashelhiyt [shi],31,-5,#5E4945,Afro-Asiatic,Berber,Morocco
Tatana [txx],5.5,115.5,#307E60,Malayo-Polynesian,North Borneo,Malaysia
Tatar [tat],56,49.5,#CDA565,Turkic,North-west,Russia
Tause [tad],-2.833,137,#5BA5CB,Lakes Plains,Eastern,Indonesia
Tausug [tsg],6,121,#207C6D,Malayo-Polynesian,Barito,Philippines
Tauya [tya],-5.75,145.3,#9571A5,Trans New Guinea,Madang,Papua New Guinea
Tawala [tbo],-10.333,150.5,#4E4091,Oceanic,Western Oceanic,Papua New Guinea
Tboli [tbl],6.167,124.5,#29895E,Malayo-Polynesian,Philippines,Philippines
Tehit Imyan [kps-2],-1.75,132.167,#3D65A7,West Papuan,Birds Head,Indonesia
Tehuelche [teh ],-45,-68,#8A668E,Chonan,,Argentina
Teiwa [twe],-8.333,124.2,#4D69B8,Timor-Alor-Pantar,Alor-Pantar,Indonesia
Telefol [tlf],-4.917,141.75,#B144A7,Trans New Guinea,Ok,Papua New Guinea
Telugu [tel],16,79.5,#E0AB56,Dravidian,South-central,India
Temiar [tea],4.833,101.333,#388C78,Austroasiatic,Aslian,Malaysia
Temne [tem],8.67,-13.08,#4D8973,Niger-Kongo,Atlantic,Sierra Leone
Tengger [tes],-7.95,112.95,#338A65,Malayo-Polynesian,Javanic,Indonesia
Teop [tio],-5.667,155.083,#1F636D,Oceanic,Western Oceanic,Papua New Guinea
Tepehuan_Huehuetla [tee],20.476,-98.09,#713B4A,Totozoquean-Chitimacha,Totozoquean,Mexico
Tera [ttr],11,11.83,#3E9B75,Afro-Asiatic,Chadic,Nigeria
Terêna [ter],-20,-56,#523E84,Arawak,South-Southwest,Brazil
Ternate [tft],0.833,127.333,#2D899A,West Papuan,North Halmahera,Indonesia
Ternate Malay [max],0.786,127.377,#28B88C,Malayo-Polynesian,Malayo-Sumbawan,Indonesia
Tetun [tet],-9.333,125.083,#2B8C87,Malayo-Polynesian,Timoric,Indonesia
Thai [tha],15.583,100.333,#19DA89,Tai-Kadai,South,Thailand
Thai_Isan [tha-3],16,103,#1DDAA2,Tai-Kadai,South,Thailand
Thai_Northern [nod],18,99,#19E098,Tai-Kadai,South,Thailand
Thakali [ths],28.75,83.69,#B1C4AB,Tibeto-Burman,Bodic,Nepal
Thangmi [thf],27.75,86,#D2A693,Tibeto-Burman,Western Himalayan,Nepal
Tharrkari [dhr],-23.6,115.7,#BBA276,Pama-Nyungan,Pilbara,Australia
Themchen [adx-2],36.6,100.95,#CFB599,Tibeto-Burman,Bodic,China
Thulung [tdh],27.6,86.75,#D17193,Tibeto-Burman,Kiranti,Nepal
Tidore [tvo],0,127.75,#3B738D,West Papuan,North Halmahera,Indonesia
Tifal [tif],-5,141.33,#9C32B4,Trans New Guinea,Ok,Papua New Guinea
Tigak [tgc],-2.75,150.917,#217482,Oceanic,Western Oceanic,Papua New Guinea
Tigré [tig],16.5,38.5,#904F32,Afro-Asiatic,Semitic,Eritrea
Tigrinya [tir],14.5,38.5,#A64F4D,Afro-Asiatic,Semitic,Ethiopia
Timugon [tih],5,116,#349552,Malayo-Polynesian,North Borneo,Malaysia
Tiri [cir],-21.667,165.75,#3E9354,Oceanic,Southern Oceanic,New Caledonia
Tiwa [lax],26.5,92.5,#B6AEB4,Tibeto-Burman,Bodo-Garo,India
Tiwi [tiw],-11.5,131,#5C5961,Tiwi,,Australia
Tlingit [tli],57,-133,#A44E7E,Dene-Yeniseic,Na-Dene,USA
Toba_Batak [bbc],2.5,99.5,#24805D,Malayo-Polynesian,Batak-Barrier Islands,Indonesia
Tobati [tti],-2.583,140.867,#755DAF,Oceanic,Western Oceanic,Indonesia
Tobelo [tlb],0.75,127.75,#455AA7,West Papuan,North Halmahera,Indonesia
Tokelauan [tkl],-9.15,-171.78,#4A8E80,Oceanic,Central Pacific,Tokelau
Tol [jic],14.75,-85,#976777,Jicaque,,Honduras
Tolaki [lbw],-4,122.25,#3E5A61,Malayo-Polynesian,Celebic,Indonesia
Tondano [tdn],1.25,125,#23945B,Malayo-Polynesian,Philippines,Indonesia
Tonga [toi],-17,27,#425764,Niger-Kongo,Bantoid,Zambia
Tongan [ton],-21.167,-175.25,#3C9D78,Oceanic,Central Pacific,Tonga
Tonkawa [tqw],30,-95,#B05194,Tonkawa,,USA
Toqabaqita [mlu],-8.333,160.667,#243F95,Oceanic,Southeast Solomonic,Solomons
Toratan [rth],1.083,124.833,#43916B,Malayo-Polynesian,Philippines,Indonesia
Torwali [trw],34.25,72,#E2AF4A,Indo-European,Indo-Iranian,Pakistan
Touo [tqu],-8.667,157.5,#8D5B80,Touo,,Solomons
Trumai [tpy],-13.5,-53,#998D89,Trumai,,Brazil
Tsat [huq],18.25,109.5,#30D697,Malayo-Polynesian,Malayo-Sumbawan,China
Tshangla [tsj],27.07,92,#C8C2B6,Tibeto-Burman,Bodic,Bhutan
Tsova-Tush [bbl],42.5,45.5,#C0686F,Kartvelian,Georgian,Russia
Tsuken [xug],26.55,127.94,#C4939F,Japonic,Ryukyuan,Japan
Tsum [ttz],28.51,85.08,#CFB4A8,Tibeto-Burman,Bodic,Nepal
Tübatulabal [tub],36,-118.33,#B06A7C,Uto-Aztecan,North,USA
Tubu [tuq],21,17,#A05974,Nilo-Saharan,Saharan,Chad
Tugun [tzn],-7.833,126.667,#266F9B,Malayo-Polynesian,Timoric,Indonesia
Tujia [tji],27.5,109,#69C6BD,Tibeto-Burman,Tujia,China
Tukang_Besi [khc],-5.5,123.667,#2E7962,Malayo-Polynesian,Celebic,Indonesia
Tulu [tcy],12.75,75.333,#DFAC69,Dravidian,South,India
Tümpisa [par],37,-117,#B16782,Uto-Aztecan,North,USA
Tunica [tun],32.67,-91,#983F96,Tunica,,USA
Turkana [tuv],3,35,#556A87,Nilo-Saharan,Nilotic,Kenya
Turkish [tur],40,30,#D99253,Turkic,South-west,Turkey
Turkish_Crimean [crh],45,34.083,#DA9762,Turkic,North-west,Ukraine
Turkmen [tuk],40,58,#DB8D80,Turkic,South-west,Turkmenistan
Turung [try],27.14,95.75,#73C4B1,Tibeto-Burman,Jingpho,India
Tuscarora [tus],36,-77.5,#6D3788,Iroquoian,Northern,USA
Tutsa [tvt],26.9,95.6,#AC97B0,Tibeto-Burman,Konyak,India
Tuva [tyv],52,95,#D78E76,Turkic,North-east,Russia
Tuvalu [tvl],-10,180,#4D9D74,Oceanic,Central Pacific,Tuvalu
Tz'utujil [tzj],14.5,-91.25,#4E463C,Mayan,Quiche-Mam,Guatemala
Tzeltal_Aguacatenango [tzh],16.42,-92.5,#584241,Mayan,Chol-Tzeltal,Mexico
Tzotzil [tzc],16.7,-92.7,#594539,Mayan,Chol-Tzeltal,Mexico
U [xxx-61],22.6,101.7,#13D092,Austroasiatic,Palaungic,China
Uab Meto [aoz],-9.67,124.25,#2B7B88,Malayo-Polynesian,Timoric,Indonesia
Ubir [ubr],-9.59,149.4,#5049A7,Oceanic,Western Oceanic,Papua New Guinea
Udihe [ude],47.667,136.25,#C68B6C,Tungusic,North,Russia
Udmurt [udm],56.83,53.19,#BD9A70,Uralic,Permic,Russia
Uduk [udu],8.2,34.4,#62947F,Nilo-Saharan,Komuz,Somalia
Ughele [uge],-8.5,157.33,#28595F,Oceanic,,Solomons
Uighur [uig],40,80,#D48B6E,Turkic,South-east,China
Ukrainian [ukr],50,32,#AB9D19,Indo-European,Balto-Slavic,Ukraine
Uma [ppk],-1.75,119.917,#1E666E,Malayo-Polynesian,Celebic,Indonesia
UMbundu [umb],-11.5,15,#4D5D68,Niger-Kongo,Bantoid,Angola
Una [mtg],-4.667,140,#A061A8,Trans New Guinea,Mek,Indonesia
Ura [ryn],28.415,129.59,#C696A7,Japonic,Ryukyuan,Japan
Uradhi [urf],-12,142.25,#A8A388,Pama-Nyungan,North Cape York,Australia
Urak_Lawoi [urk],7.25,99.25,#17CF93,Malayo-Polynesian,Malayo-Sumbawan,Thailand
Urdu [urd],29,71,#BCAD25,Indo-European,Indo-Iranian,Pakistan
Urim [uri],-3.67,142.67,#1B859E,Torricelli,Urim,Papua New Guinea
Uruangnirin [urn],-3.5,132.833,#4F68A6,Malayo-Polynesian,North Bomberai,Indonesia
Urubu-Kaapor [urb],-2,-47,#805E9E,Tupi,Tupi-Guarani,Brazil
Usan [wnu],-4.833,145.333,#743EA2,Trans New Guinea,Madang,Papua New Guinea
Usarufa [usa],-6.5,146.083,#D14BA0,Trans New Guinea,Kainantu,Papua New Guinea
Ute [ute],39,-109,#B15180,Uto-Aztecan,North,USA
Uzbek [uzn],39,66,#CF8757,Turkic,South-east,Uzbekistan
V'ënen_Taut [nmb],-16.083,167.25,#3F4E99,Oceanic,Southern Oceanic,Vanuatu
Vai [vai],7.3,-10.55,#5F9199,Mande,Western,Liberia
Valman [van],-3.25,142.5,#475F87,Torricelli,Wapei,Papua New Guinea
Vano [vnk],-11.667,166.75,#2E8A88,Oceanic,TeMotu,Solomons
Varli [vav],20,73.79,#DFAA65,Indo-European,Indo-Iranian,India
Venda [ven],-23.5,30,#556150,Niger-Kongo,Bantoid,South Africa
Vietnamese_Hanoi [vie],21.03,105.85,#16D990,Austroasiatic,Vietic,Vietnam
Wa [wbm],22.5,99,#2AC496,Austroasiatic,Palaungic,China
Wagdi [wbr],23.84,73.72,#D8B947,Indo-European,Indo-Iranian,India
Wahgi [wgi],-6.667,145.583,#9A6FA4,Trans New Guinea,Chimbu,Papua New Guinea
Waigali [wbk],35.2,70.99,#DD9551,Indo-European,Indo-Iranian,Afghanistan
Waima [rro-2],-8.67,146.54,#4A5BBB,Oceanic,Western Oceanic,Papua New Guinea
Waima'a [wmh],-8.5,126.33,#28C4A2,Malayo-Polynesian,Timoric,Timor leste
Wakhi [wbl],36.5,72,#D5AB42,Indo-European,Indo-Iranian,Pakistan
Walapai [yuf],35.5,-113.75,#BC4F8E,Yuman-Cochimi,Yuman,USA
Walmatjarri [wmt],-20.516,127.461,#C0576D,Pama-Nyungan,,Australia
Wambaya [wmb],-18.667,135.75,#945F67,Mirndi,Barkly,Australia
Wambon [wms],-5.5,140.5,#B076A9,Trans New Guinea,Awyu-Dumut,Indonesia
Wambule [wme],27.12,86.45,#BE879D,Tibeto-Burman,Kiranti,Nepal
Wandamen [wad],-2.67,134.25,#3B62A1,Malayo-Polynesian,Eastern Malayo-Polynesian,Indonesia
Wangkajunga [mpj-4],-19,126,#B96480,Pama-Nyungan,,Australia
Wano [wno],-3.5,137.5,#9D3ED1,Trans New Guinea,Dani,Indonesia
Waorani [auc],-1,-76.5,#9A799A,Waorani,,Ecuador
Wappo [wao],38.5,-122.5,#AC738F,Wappo-Yukian,,USA
Warao [wba],9,-62,#B45D87,Warao,,Venezuela
Waray-Waray [war],12,125,#4C725B,Malayo-Polynesian,Philippines,Philippines
Wardaman [wrr],-15.5,131,#9C567A,Yangman,,Australia
Warekena [gae],2,-65,#87526B,Arawak,North,Venezuela
Warembori [wsa],-1.65,137.6,#4064B4,Malayo-Polynesian,Eastern Malayo-Polynesian,Indonesia
Wari' [pav],-11.5,-65,#2A5972,Chapacura,,Brazil
Warlpiri [wbp],-20,132.333,#B2696A,Pama-Nyungan,Ngumbin-Yapa,Australia
Warndarang [wnd],-14.417,135.583,#9E4887,Mara-Warndarang-Alawa,,Australia
Waropen [wrp],-2.333,136.667,#4646A7,Malayo-Polynesian,Eastern Malayo-Polynesian,Indonesia
Warrgamay [wgy],-18.583,146.167,#B38F7B,Pama-Nyungan,Dyirbalic,Australia
Warrnambool [xxx-31],-38.25,142.5,#9F7E66,Pama-Nyungan,Kulin,Australia
Warumungu [wrm],-19.6,134.2,#A3987E,Pama-Nyungan,,Australia
Washkuk [kmo],-4.083,142.667,#9D928C,Sepik,Nukuma,Papua New Guinea
Washo [was],39.25,-120,#AC5B96,Washo,,USA
Waskia [wsk],-4.583,145.917,#8C759E,Trans New Guinea,Madang,Papua New Guinea
Wathawurrung [xxx-32],-37.5,144,#A26C7E,Pama-Nyungan,Kulin,Australia
Watjarri [wbv],-29,117.25,#A28E7F,Pama-Nyungan,Kardu,Australia
Wayana [way],1.217,-54.657,#B01EA1,Cariban,Guianan,Brazil
Welsh [cym],52.3,-4,#6E8025,Indo-European,Celtic,Britain
Wembawemba [xxx-33],-36,142,#AC6C61,Pama-Nyungan,Kulin,Australia
West Makian [mqs],0.333,127.417,#306597,West Papuan,Birds Head,Indonesia
Wichí [mzh],-22.5,-62.583,#5E436B,Matacoan,Mataco,Argentina
Wichita [wic],33.33,-97.33,#74387A,Caddoan,Northern,USA
Wik Mungkan [wim],-13.667,141.833,#A79F94,Pama-Nyungan,North Cape York,Australia
Wik Ngathana [wig],-13.917,141.5,#ADB49B,Pama-Nyungan,North Cape York,Australia
Winnebago [win],43,-89,#5640A9,Siouan,Western,USA
Wintu [wit-2],41,-122.5,#AC5584,Wintuan,,USA
Wirangu [wiw],-32,134,#B08891,Pama-Nyungan,Wirangu,Australia
Woleaian [woe],7.333,143.833,#228079,Oceanic,Micronesian,USA Federated States of Micronesia
Wolio [wlo],-5.5,122.75,#2B6066,Malayo-Polynesian,Celebic,Indonesia
Wolof [wol],15.25,-16.5,#2C7456,Niger-Kongo,Atlantic,Senegal
Womo [xxx-34],-2.917,141.833,#725CB1,Skou,Central,Papua New Guinea
Wooi [wbw],-1.72,135.47,#455E8F,Malayo-Polynesian,Eastern Malayo-Polynesian,Indonesia
Worora [unp],-15.667,124.667,#9F339C,Wororan,,Australia
Wotu [wtw],-2.56,120.76,#206568,Malayo-Polynesian,Celebic,Indonesia
Wulguru [xxx-35],-19.25,146.5,#B67E6B,Pama-Nyungan,GreaterMari,Australia
Wutun [wuh],35.9,102.5,#B1BAAC,Tibeto-Burman,Sinitic,China
Wutung [wut],-2.667,141.167,#697A9C,Skou,West,Papua New Guinea
Wuvulu [wuv],-1.72,142.833,#41555F,Oceanic,Admiralties,Papua New Guinea
Wyandot [wya],48.861,-71.357,#7E1C98,Iroquoian,Northern,Canada
Xhosa [xho],-33,28,#606958,Niger-Kongo,Bantoid,South Africa
Xokleng [xok],-24.3,-50,#8F7B94,Macro-Je,Je,Brazil
Xuwen [nan-7],20.35,110.2,#48E28E,Tibeto-Burman,Sinitic,China
Yabem [jae],-6.75,147.833,#5F61AE,Oceanic,Western Oceanic,Papua New Guinea
Yadë [nce],-3.833,141.333,#A756B1,Yale,,Papua New Guinea
Yagaria [ygr-2],-6.417,145.417,#B95396,Trans New Guinea,Gorokan,Papua New Guinea
Yagua [yad],-3.5,-72,#6C5672,Yagua,,Peru
Yakkha [ybh],27.2,87.25,#C973A3,Tibeto-Burman,Kiranti,Nepal
Yakut [sah],62,130,#D5897D,Turkic,North-east,Russia
Yala [yba],6.4,8.4,#2F949C,Niger-Kongo,Idomoid,Nigeria
Yamphu [ybi],27.4,87.1,#CB7D98,Tibeto-Burman,Kiranti,Nepal
Yankuntjatjara [kdd],-27.5,132,#B77193,Pama-Nyungan,Western Desert,Australia
Yanyuwa [jao],-15.833,136,#AA696F,Pama-Nyungan,Ngarna,Australia
Yao [yao],-11.45,34,#365D5F,Niger-Kongo,Bantoid,Malawi
Yap [yap],9.53,138.1,#3C6355,Oceanic,Yap,Yap
Yaqay [jaq],-6.583,139.333,#9146A7,Marind,,Indonesia
Yaqui_Arizona [yaq],31.67,-111.25,#98726B,Uto-Aztecan,South,USA
Yareba [yrb],-9.5,148.583,#BC60B9,Trans New Guinea,Southeast,Papua New Guinea
Yarik [erw],-2.7,132.6,#4677AE,Malayo-Polynesian,Eastern Malayo-Polynesian,Indonesia
Yawa [yva],-1.75,136.25,#7252AA,West Papuan,Yapen,Indonesia
Yawelmani [yok-2],35.3,-118.65,#9D8A57,Yok-Utian,Yokuts,USA
Yawuru [ywr],-18,122.5,#9C4E67,Nyulnyul,East,Australia
Yaygir [xxx-36],-29.667,153,#B69D88,Pama-Nyungan,Central-East,Australia
Yeletnye [yle],-11,154,#A43CA2,Yeletnye,,Papua New Guinea
Yelmek [jel],-7.667,139.75,#B8977E,Bulaka,,Indonesia
Yessan-Mayo [yss],-4.083,142.583,#B88C89,Sepik,Tama,Papua New Guinea
Yeyi [yey],-20,23.5,#4B626A,Niger-Kongo,Bantoid,Botswana
Yidiny [yii],-17.917,146.09,#B09182,Pama-Nyungan,Yidinic,Australia
Yimas [yee],-4.75,143.583,#A44874,Lower Sepik-Ramu,Lower Sepik,Papua New Guinea
Yindjibarndi [yij],-21.5,117,#B19B6A,Pama-Nyungan,Pilbara,Australia
Yingkarta [yia],-24.7,114.5,#B08C63,Pama-Nyungan,Kardu,Australia
Yir Yoront [yiy],-14.333,142.25,#AF9285,Pama-Nyungan,West Cape York,Australia
Yohlmo [scp],27.85,85.6,#D5C1A6,Tibeto-Burman,Bodic,Nepal
Yokuts_Northern Foothill [yok],36.58,-119.08,#A69364,Yok-Utian,Yokuts,USA
Yoruba [yor],8,4.33,#309D83,Niger-Kongo,Yoruba,Nigeria
Yuchi [yuc],35.75,-86.75,#803FB7,Yuchi,,USA
Yugur [ybe],40.988,98.025,#CBA27D,Turkic,South-east,China
Yukaghir [ykg],65.75,150.833,#C4817D,Yukaghir,,Russia
Yuki [yuk],39.67,-123.5,#B57485,Wappo-Yukian,,USA
Yukulta [gcd],-17.333,138.833,#B86C60,Tangkic,,Australia
Yunnan_Kunming [smm],24,102,#58D581,Tibeto-Burman,Sinitic,China
Yup'ik_Central Alaskan [esu],59.5,-160,#C4537F,Eskimo-Aleut,Eskimo,USA
Yuracaré [yuz],-16.5,-65,#9A3C70,Yurakare,,Bolivia
Yurok [yur],41.33,-124,#805F57,Algic,Yurok,USA
Yuwaalaraay [kld],-29.5,148,#B69675,Pama-Nyungan,Central New South Wales,Australia
Zaiwa [atb],24.5,98.5,#8090C1,Tibeto-Burman,Lolo-Burmese,China
Zapotec [zai],16.5,-95,#2E4E60,Otomanguean,Zapotecan,Mexico
Zhuang [zyn],23.6,108.3,#22C993,Tai-Kadai,South,China
Zimakani [zik],-7.333,141.5,#874F9F,Marind,,Papua New Guinea
Zulu [zul],-30,30,#545C67,Niger-Kongo,Bantoid,South Africa
Zuni [zun],35.08,-108.83,#A47573,Zuni,,USA
